PLT_PARAMETERID,PLT_INFOTYPE
TY_0001_00_5,7
TY_0001_00_7,1
TY_0001_00_42,7
TY_0001_00_12,1
TY_0001_00_8,1
TY_0001_00_9,1
TY_0002_00_5,7
TY_0002_00_6,1
TY_0002_00_7,1
TY_0002_00_17,3
TY_0002_00_18,3
TY_0002_00_19,3
TY_0002_00_20,3
TY_0002_00_37,3
TY_0002_00_21,3
TY_0002_00_22,3
TY_0002_00_23,3
TY_0002_00_24,3
TY_0002_00_25,1
TY_0002_00_26,1
TY_0002_00_27,1
TY_0002_00_28,1
TY_0002_00_29,1
TY_0002_00_30,1
TY_0002_00_31,1
TY_0002_00_32,1
TY_0002_00_33,1
TY_0002_00_34,1
TY_0002_00_35,1
TY_0002_00_36,1
TY_0002_00_623,1
TY_0002_00_624,1
TY_0002_00_625,1
TY_0002_00_626,1
TY_0002_00_627,1
TY_0002_00_628,1
TY_0002_00_629,1
TY_0002_00_630,1
TY_0002_00_631,1
J_0001_00_245,3
J_0001_00_1032,3
TY_0002_00_652,1
TY_0002_00_653,1
TY_0002_00_654,1
TY_0002_00_655,1
TY_0002_00_656,1
TY_0002_00_657,1
TY_0002_00_658,1
TY_0002_00_659,1
TY_0002_00_660,1
J_0001_00_247,3
J_0001_00_235,3
J_0001_00_236,3
J_0001_00_917,3
J_0001_00_250,3
STMP_0001_GSMStatus_01,1
J_0001_03_695,1
J_0001_03_897,1
J_0001_03_898,3
J_0001_00_1033,3
J_0001_03_3349,1
J_0001_00_1028,3
J_0001_03_3350,1
TY_0002_00_632,1
TY_0002_00_633,1
TY_0002_00_634,1
TY_0002_00_635,1
TY_0002_00_636,1
TY_0002_00_637,1
TY_0002_00_638,1
TY_0002_00_639,1
TY_0002_00_640,1
TY_0002_00_641,1
TY_0002_00_642,1
TY_0002_00_643,1
TY_0002_00_644,1
TY_0002_00_645,1
TY_0002_00_646,1
TY_0002_00_647,1
TY_0002_00_648,1
TY_0002_00_649,1
TY_0002_00_650,1
TY_0002_00_651,1
TY_0002_00_661,1
TY_0002_00_662,1
TY_0002_00_663,1
TY_0002_00_664,1
TY_0002_00_665,1
TY_0002_00_666,1
TY_0002_00_667,1
TY_0002_00_668,1
TY_0002_00_669,1
TY_0002_00_670,1
TY_0002_00_671,1
TY_0002_00_672,1
TY_0002_00_673,1
TY_0002_00_674,1
TY_0002_00_675,1
J_0001_00_157,3
J_0001_29_572,1
J_0001_00_156,3
J_0001_00_1349,3
J_0001_29_1082,1
J_0001_29_1667,1
J_0001_00_1029,3
TY_0002_00_676,1
J_0001_00_1002,3
J_0001_00_5458,3
J_0001_03_4191,3
J_0001_00_1001,3
J_0001_00_1003,3
J_0001_00_1004,3
J_0001_00_1005,3
J_0001_03_4206,3
J_0001_03_4207,3
J_0001_00_1006,3
J_0001_00_1634,7
J_0001_00_990,3
J_0001_00_991,3
J_0001_00_992,3
J_0001_00_986,3
J_0001_00_993,3
J_0001_00_975,3
J_0001_00_1684,1
J_0001_00_1639,3
J_0001_00_1682,1
J_0001_00_4211,3
J_0001_00_1714,1
J_0001_00_4212,3
J_0001_00_1635,7
J_0001_00_1856,1
J_0001_00_166,3
J_0001_00_1655,1
J_0001_00_189,3
J_0001_00_3669,1
J_0001_00_977,1
J_0001_00_5465,1
J_0001_03_696,1
J_0001_00_3671,3
J_0001_00_911,3
J_0001_00_912,3
J_0001_00_913,3
J_0001_00_918,3
J_0001_17_917,3
J_0001_17_918,3
J_0001_EE_917,3
J_0001_EE_918,3
J_0001_00_1654,1
J_0001_00_1653,1
J_0001_00_1213,1
J_0001_00_3695,1
J_0001_00_623,1
J_0001_00_3696,1
J_0001_00_624,1
J_0001_00_1666,1
J_0001_00_987,1
J_0001_00_3041,1
J_0001_00_1656,1
J_0001_00_3040,1
J_0001_00_3039,1
J_0001_00_1683,1
J_0001_00_3038,1
J_0001_00_1685,1
J_0001_00_1686,1
J_0001_00_965,3
J_0001_00_164,3
J_0001_00_2596,3
J_0001_29_900,1
TY_0001_00_6,2
TY_0001_00_4,7
J_0001_00_3667,1
J_0001_00_5263,3
J_0001_00_5404,1
J_0001_3D_5137,3
J_0001_03_4816,1
J_0001_4E_109,3
J_0001_03_606,1
J_0001_4E_111,3
J_0001_03_607,1
J_0001_03_5015,1
J_0001_00_186,3
J_0001_00_558,1
J_0001_00_187,3
J_0001_00_559,1
J_0001_00_1437,1
J_0001_00_980,1
J_0001_00_2970,1
J_0001_00_979,1
J_0001_00_2979,1
J_0001_00_978,1
J_0001_00_984,1
J_0001_3D_4352,1
J_0001_00_51,3
J_0001_3D_4355,1
J_0001_3D_4356,1
J_0001_3D_4357,1
J_0001_00_81,3
J_0001_00_102,3
J_0001_00_599,1
J_0001_51_3221,1
J_0001_00_600,1
J_0001_51_3222,1
J_0001_00_601,1
J_0001_3D_4353,1
J_0001_00_108,3
J_0001_3D_4354,1
J_0001_3D_108,3
J_0001_00_106,3
J_0001_00_107,3
J_0001_00_112,3
J_0001_00_115,3
J_0001_00_167,3
J_0001_00_168,3
J_0001_00_158,3
J_0001_03_123,3
J_0001_03_124,3
J_0001_55_3697,1
J_0001_55_3701,1
J_0001_03_126,3
J_0001_55_3698,1
J_0001_55_4175,1
J_0001_03_127,3
J_0001_EF_3697,1
J_0001_EF_3701,1
J_0001_03_3028,1
J_0001_03_3026,1
J_0001_EF_3698,1
J_0001_EF_4175,1
J_0001_03_119,3
J_0001_55_3699,1
J_0001_55_3700,1
J_0001_00_354,3
J_0001_00_1188,3
J_0001_00_1189,3
J_0001_00_964,3
J_0001_00_1190,3
J_0001_00_1191,3
J_0001_00_246,3
J_0001_00_5370,3
J_0001_00_248,3
J_0001_00_5373,3
J_0001_00_182,3
J_0001_00_972,1
J_0001_00_22,3
J_0001_00_971,1
J_0001_00_970,1
J_0001_00_969,1
J_0001_00_98,3
J_0001_00_1243,1
J_0001_00_1439,1
J_0001_00_100,3
J_0001_00_1438,1
J_0001_00_1793,1
J_0001_00_109,3
J_0001_00_111,3
J_0001_00_2911,1
J_0001_4E_94,3
J_0001_00_1836,1
J_0001_00_1792,1
J_0001_4E_22,3
J_0001_03_560,1
J_0001_4E_98,3
J_0001_03_573,1
J_0001_03_574,1
J_0001_4E_100,3
J_0001_00_530,3
J_0001_00_531,3
J_0001_00_532,3
J_0001_00_545,3
J_0001_00_544,3
J_0001_00_533,3
J_0001_00_973,3
J_0001_03_522,3
J_0001_00_534,3
J_0001_00_91,3
J_0001_00_535,3
J_0001_00_536,3
J_0001_00_92,3
J_0001_00_1712,3
J_0001_00_974,3
J_0001_00_29,3
J_0001_00_1794,3
J_0001_00_3357,3
J_0001_00_1846,3
J_0001_00_4154,3
J_0001_00_593,1
J_0001_00_594,1
J_0001_00_592,1
J_0001_00_590,1
J_0001_00_591,1
J_0001_00_985,1
J_0001_00_875,1
J_0001_4E_4154,3
J_0001_00_605,1
J_0001_00_1081,1
J_0001_00_1110,1
J_0001_00_1109,1
J_0001_00_1108,1
J_0001_00_1107,1
J_0001_00_1111,1
J_0001_00_2815,1
J_0001_00_2814,1
J_0001_00_5262,3
J_0001_00_2813,1
J_0001_00_2812,1
J_0001_51_3223,1
J_0001_00_602,1
J_0001_51_3224,1
J_0001_00_86,3
J_0001_51_3225,1
J_0001_00_976,1
J_0001_00_527,1
J_0001_00_968,1
J_0001_00_967,1
J_0001_00_966,1
J_0001_00_3232,1
J_0001_00_1237,1
J_0001_17_69,1
J_0001_00_3234,1
J_0001_17_70,1
J_0001_00_3235,1
J_0001_17_1633,1
J_0001_17_3807,1
J_0001_52_3232,1
J_0001_52_3234,1
J_0001_17_84,3
J_0001_52_3235,1
J_0001_17_595,1
J_0001_17_596,1
J_0001_17_597,1
J_0001_00_3228,1
J_0001_17_598,1
J_0001_00_3229,1
J_0001_00_3230,1
J_0001_00_3231,1
J_0001_17_599,1
J_0001_00_3233,1
J_0001_17_600,1
J_0001_17_601,1
J_0001_17_602,1
J_0001_52_3228,1
J_0001_52_3229,1
J_0001_52_3230,1
J_0001_52_3231,1
J_0001_17_86,3
J_0001_52_3233,1
J_0001_17_976,1
J_0001_00_5077,1
J_0001_17_527,1
J_0001_00_5078,1
J_0001_00_5079,1
J_0001_17_968,1
J_0001_00_5080,1
J_0001_17_967,1
J_0001_00_5081,1
J_0001_00_3987,1
J_0001_17_966,1
J_0001_00_5082,1
J_0001_17_1237,1
J_0001_00_5083,1
J_0001_00_5084,1
J_0001_00_183,3
J_0001_00_5085,1
J_0001_00_5086,1
J_0001_00_5469,1
J_0001_00_184,3
J_0001_00_185,3
J_0001_3D_4361,1
J_0001_EE_1621,1
J_0001_EE_1620,1
J_0001_EE_1619,1
J_0001_00_5372,1
J_0001_00_1481,3
J_0001_29_4233,1
J_0001_29_4234,1
J_0001_00_515,3
J_0001_29_1480,3
J_0001_00_519,3
J_0001_00_3236,3
J_0001_00_3237,1
J_0001_00_3238,1
J_0001_00_3239,1
J_0001_29_1716,3
J_0001_00_3240,1
J_0001_00_521,3
J_0001_00_244,3
J_0001_00_188,3
J_0001_00_528,3
J_0001_00_529,3
J_0001_3D_5414,3
J_0001_00_3644,3
J_0001_00_2600,3
J_0001_00_249,3
J_0001_00_1761,3
J_0001_00_959,3
J_0001_00_960,3
J_0001_00_3363,3
J_0001_00_961,3
J_0001_3D_1761,3
J_0001_3D_3363,3
J_0001_00_963,3
J_0001_00_962,3
J_0001_00_561,1
J_0001_00_74,3
J_0001_00_562,1
J_0001_00_87,3
J_0001_00_88,3
J_0001_00_563,1
J_0001_00_1121,1
J_0001_00_1134,3
J_0001_00_575,1
J_0001_4E_1134,3
J_0001_00_576,1
J_0001_00_94,3
J_0001_00_577,1
J_0001_00_1238,1
J_0001_00_5021,1
J_0001_00_983,1
J_0001_00_5399,1
J_0001_00_982,1
J_0001_00_5400,1
J_0001_00_981,1
J_0001_00_2897,1
J_0001_00_3447,1
J_0001_00_3448,1
J_0001_00_69,1
J_0001_00_70,1
J_0001_00_1633,1
J_0001_00_84,3
J_0001_51_3218,1
J_0001_00_595,1
J_0001_51_3219,1
J_0001_00_596,1
J_0001_51_3220,1
J_0001_00_597,1
J_0001_29_571,1
J_0001_00_598,1
J_0001_3D_4362,1
J_0001_00_4361,1
J_0001_00_4362,1
J_0001_00_3673,3
J_0001_00_3604,1
J_0001_00_3605,1
J_0001_00_3606,1
J_0001_00_3607,1
J_0001_00_2884,1
J_0001_00_1377,1
J_0001_00_2883,1
J_0001_03_4176,1
J_0001_03_4178,1
J_0001_03_1850,1
J_0001_03_1849,1
J_0001_03_3086,1
J_0001_03_2945,1
J_0001_03_2900,1
J_0001_03_1851,1
J_0001_03_2539,1
J_0001_03_2538,1
J_0001_03_2537,1
J_0001_03_2536,1
J_0001_03_4251,1
J_0001_03_4252,1
J_0001_03_4253,1
J_0001_03_4261,1
J_0001_03_5344,1
J_0001_EE_1611,1
J_0001_EE_1615,1
J_0001_EE_1614,1
J_0001_EE_1616,1
J_0001_EE_1622,1
J_0002_F0_48,1
J_0002_F3_57,3
J_0002_F3_58,3
J_0002_F3_59,3
J_0001_00_586,7
J_0001_00_587,7
J_0001_03_191,3
J_0001_03_1482,3
J_0001_00_899,1
J_0001_00_1675,1
J_0001_00_190,3
J_0001_00_1483,3
J_0001_4E_899,1
J_0001_4E_1675,1
J_0001_4E_1483,3
J_0001_4E_190,3
J_0001_EE_1623,3
J_0001_03_526,3
J_0001_3D_4332,1
J_0001_00_1176,3
J_0001_00_1177,3
J_0001_03_518,3
J_0001_29_520,3
J_0001_00_1178,3
J_0001_29_1085,3
J_0001_00_1179,3
J_0001_29_1715,3
J_0001_29_1717,3
J_0001_00_5398,3
J_0001_00_1172,3
J_0001_00_2432,3
J_0001_4E_2432,3
J_0001_00_1173,3
J_0001_03_524,3
J_0001_3D_4366,1
J_0001_EE_1617,1
J_0001_EE_1618,1
J_0001_00_1192,3
J_0001_00_3087,3
J_0001_00_1388,3
J_0001_00_1387,3
J_0001_00_1390,3
J_0001_00_1391,3
J_0001_00_1392,3
J_0001_00_2980,3
J_0001_00_3517,3
J_0001_00_3532,1
J_0001_00_4365,1
J_0001_00_4366,1
J_0001_00_5245,1
J_0001_00_5246,1
J_0001_EE_1624,3
J_0001_3D_3517,3
J_0001_00_2588,3
J_0001_00_2589,3
J_0001_00_2590,3
J_0001_00_2591,3
J_0001_00_2592,3
J_0001_00_2593,3
J_0001_00_2594,3
J_0001_00_2595,3
J_0001_00_2882,3
J_0001_00_3469,3
J_0001_00_3301,3
J_0001_00_3302,3
J_0001_00_3466,3
J_0001_00_3467,3
J_0001_03_5346,1
J_0001_00_97,1
J_0001_55_3702,1
J_0001_55_3703,1
J_0002_4E_1,1
J_0001_55_3704,1
J_0001_55_3705,1
J_0002_4E_2,1
J_0001_55_3706,1
J_0002_4E_3,1
J_0001_55_3707,1
J_0001_55_3708,1
J_0001_55_3709,1
J_0002_4E_4,3
J_0001_55_3710,1
J_0001_55_3711,1
J_0002_00_9,1
J_0001_55_3712,1
J_0002_00_10,1
J_0001_55_3713,1
J_0001_55_3714,1
J_0001_55_3715,1
J_0001_55_3716,1
J_0002_00_11,3
J_0001_55_3717,1
J_0001_55_3718,1
J_0002_00_12,3
J_0001_EF_3699,1
J_0001_EF_3700,1
J_0002_00_13,3
J_0001_EF_3702,1
J_0001_EF_3703,1
J_0001_EF_3704,1
J_0002_00_15,3
J_0001_EF_3705,1
J_0001_EF_3706,1
J_0001_EF_3707,1
J_0002_00_16,3
J_0001_EF_3708,1
J_0001_EF_3709,1
J_0002_00_17,3
J_0001_EF_3710,1
J_0002_00_18,1
J_0001_EF_3711,1
J_0002_00_19,1
J_0001_EF_3712,1
J_0001_EF_3713,1
J_0002_00_20,1
J_0001_EF_3714,1
J_0002_9F_22,1
J_0002_9F_23,1
J_0001_EF_3716,1
J_0002_9F_24,1
J_0002_9F_25,1
J_0001_EF_3717,1
J_0001_EF_3718,1
J_0002_00_21,3
J_0002_00_30,3
J_0002_00_31,3
J_0002_00_32,3
J_0002_00_33,3
J_0002_23_35,1
J_0002_00_36,3
J_0002_00_37,3
J_0002_00_38,3
J_0002_F0_46,1
J_0002_F0_47,1
J_0002_A7_49,3
J_0002_A7_50,3
J_0002_55_51,3
J_0002_55_52,3
J_0002_55_53,1
J_0002_EF_54,3
J_0002_EF_55,3
J_0002_EF_56,1
J_0001_00_3543,1
J_0001_00_3544,3
J_0001_00_4082,1
J_0001_00_3608,1
J_0001_00_632,1
J_0001_00_2881,1
J_0001_00_2879,1
J_0001_00_2886,1
J_0001_00_2885,1
J_0001_3D_3532,1
J_0001_3D_4365,1
J_0001_3D_5245,1
J_0001_3D_5246,1
J_0001_EE_1613,1
J_0001_00_3303,1
J_0001_00_3304,1
J_0001_00_3305,1
J_0001_3D_4331,3
J_0001_3D_4333,3
J_0001_3D_4334,3
J_0001_00_5313,3
J_0001_00_5314,3
J_0001_EE_1612,1
J_0001_00_1174,3
J_0001_03_523,3
J_0001_00_1175,3
J_0001_4E_1145,3
J_0001_4E_1146,3
J_0001_4E_1147,3
J_0001_03_3289,3
J_0001_4E_1148,3
J_0001_4E_1141,3
J_0001_4E_1142,3
J_0001_00_512,3
J_0001_4E_1143,3
J_0001_00_513,3
J_0001_4E_1144,3
J_0001_4E_512,3
J_0001_4E_1137,3
J_0001_4E_1138,3
J_0001_4E_513,3
J_0001_4E_1139,3
J_0001_4E_1140,3
J_0001_51_3217,3
J_0001_00_3227,3
J_0001_52_3227,3
J_0001_00_914,3
J_0001_00_915,3
J_0001_51_3216,3
J_0001_00_3226,3
J_0001_00_916,3
J_0001_52_3226,3
J_0001_3D_4360,3
J_0001_3D_4363,3
J_0001_00_2807,1
J_0001_00_3601,1
J_0001_00_3589,1
J_0001_00_3602,1
J_0001_00_3603,1
TY_0004_00_99,1
TY_0004_00_19,1
TY_0004_00_20,1
TY_0004_00_100,1
TY_0004_00_21,1
TY_0004_00_22,1
TY_0004_00_23,1
TY_0004_00_24,1
TY_0004_00_101,1
TY_0004_00_25,1
TY_0004_00_26,1
TY_0004_00_27,1
TY_0004_00_102,1
TY_0004_00_28,1
TY_0004_00_103,1
TY_0004_00_29,1
TY_0004_00_30,1
TY_0004_00_104,1
TY_0004_00_31,3
TY_0004_00_32,1
TY_0004_00_33,1
TY_0004_00_105,1
TY_0004_00_34,1
TY_0004_00_35,1
TY_0004_00_36,1
TY_0004_00_37,3
TY_0004_00_106,1
TY_0004_00_107,1
TY_0004_00_38,1
TY_0004_00_39,1
TY_0004_00_108,1
TY_0004_00_40,1
TY_0004_00_41,3
TY_0004_00_110,1
TY_0004_00_42,1
TY_0004_00_43,1
TY_0004_00_44,1
TY_0004_00_45,1
TY_0004_00_111,1
TY_0004_00_46,1
TY_0004_00_47,1
TY_0004_00_48,1
TY_0004_00_49,1
TY_0004_00_50,1
TY_0004_00_51,3
TY_0004_00_112,1
TY_0004_00_52,3
TY_0004_00_53,3
TY_0004_00_54,1
TY_0004_00_55,1
TY_0004_00_56,1
TY_0004_00_57,1
TY_0004_00_58,1
TY_0004_00_59,1
TY_0004_00_60,1
TY_0004_00_61,1
TY_0004_00_62,1
TY_0004_00_63,1
TY_0004_00_64,1
TY_0004_00_65,1
TY_0004_00_66,1
TY_0004_00_67,1
TY_0004_00_68,1
TY_0004_00_69,1
TY_0004_00_70,1
TY_0004_00_71,7
TY_0004_00_72,1
TY_0004_00_73,1
TY_0004_00_74,1
TY_0004_00_75,1
TY_0004_00_76,1
TY_0004_00_77,1
TY_0004_00_78,1
J_0001_00_539,3
J_0001_03_162,7
J_0001_00_540,3
J_0001_03_163,7
J_0001_00_541,3
J_0001_00_542,3
J_0001_00_543,3
J_0001_00_537,3
J_0001_00_538,3
J_0001_00_1691,3
J_0001_00_1601,3
J_0001_00_1602,3
J_0001_00_170,3
J_0001_00_171,3
J_0001_00_79,3
J_0001_3D_170,3
J_0001_3D_171,3
J_0001_3D_79,3
J_0001_00_172,3
J_0001_3D_172,3
J_0001_00_105,3
J_0001_00_173,3
J_0001_00_114,3
J_0001_03_177,3
J_0001_03_3027,3
J_0001_03_120,3
J_0002_D1_5,3
J_0002_F0_44,3
J_0002_F0_45,3
J_0001_00_3345,3
J_0001_00_3346,3
J_0001_00_3347,3
J_0001_00_3348,3
J_0001_00_234,7
TY_0004_00_81,7
TY_0004_00_82,1
TY_0004_00_83,1
TY_0004_00_01,1
TY_0004_00_84,1
TY_0004_00_86,1
TY_0004_00_87,1
TY_0004_00_88,1
TY_0004_00_89,1
TY_0004_00_02,1
TY_0004_00_90,1
TY_0004_00_03,1
TY_0004_00_04,1
TY_0004_00_05,1
TY_0004_00_06,1
TY_0004_00_07,1
TY_0004_00_91,3
TY_0004_00_08,1
TY_0004_00_09,1
TY_0004_00_92,1
TY_0004_00_10,1
TY_0004_00_93,1
TY_0004_00_11,1
TY_0004_00_94,1
TY_0004_00_12,1
TY_0004_00_95,1
TY_0004_00_13,1
TY_0004_00_14,1
TY_0004_00_96,1
TY_0004_00_15,1
TY_0004_00_16,1
TY_0004_00_97,1
TY_0004_00_17,1
TY_0004_00_98,1
TY_0004_00_18,1
PP_0001_00_16785833,3
TY_0004_00_79,1
TY_0004_00_80,1
TY_0004_00_116,1
TY_0004_00_117,1
TY_0004_00_118,1
TY_0004_00_119,1
TY_0004_00_120,1
TY_0004_00_121,1
TY_0004_00_122,1
TY_0004_00_123,1
TY_0004_00_124,1
TY_0004_00_125,1
TY_0004_00_126,1
TY_0004_00_127,1
TY_0004_00_128,1
TY_0004_00_134,1
TY_0004_00_136,1
TY_0004_00_137,1
TY_0004_00_138,1
TY_0004_00_139,1
TY_0004_00_140,1
J_0001_03_161,3
TY_0004_00_141,1
TY_0004_00_142,1
TY_0004_00_143,1
PP_0001_00_16786220,1
PP_0001_00_16794309,3
PP_0001_00_16786255,1
PP_0001_00_16816329,3
PP_0001_00_16817895,3
PP_0001_00_16822067,3
PP_0001_00_16817528,3
PP_0001_00_16817645,3
PP_0001_00_16781822,3
J_0001_00_588,7
J_0001_00_233,7
J_0001_00_237,7
J_0001_00_3344,3
STMP_0002_11FFEF_01,1
TY_0004_00_115,1
TY_0004_00_113,1
TY_0004_00_114,1
TY_0004_00_129,1
TY_0004_00_130,1
TY_0004_00_131,1
TY_0004_00_132,1
TY_0004_00_133,1
TY_0004_00_135,1
TY_0004_00_144,1
TY_0004_00_145,1
TY_0004_00_146,1
TY_0004_00_147,1
TY_0004_00_148,1
TY_0004_00_149,1
TY_0004_00_150,1
TY_0004_00_151,1
TY_0004_00_152,1
TY_0004_00_153,1
TY_0004_00_154,1
TY_0004_00_155,1
TY_0004_00_156,1
TY_0004_00_157,1
TY_0004_00_158,1
TY_0004_00_159,1
J_0002_D1_6,3
TY_0004_00_160,1
STMP_0002_F00203_01,1
J_0001_00_5371,1
DR_0001_00_175,3
DR_0001_00_100,3
DR_0002_21_3,1
DR_0002_21_4,3
DR_0002_21_5,3
DR_0002_21_6,3
DR_0002_21_7,3
DR_0002_21_8,3
DR_0002_21_9,3
DR_0002_21_10,3
STMP_0002_F00300_01,1
STMP_0002_FEBD00_01,1
STMP_0002_F00400_01,1
DR_0002_21_11,3
STMP_0002_F00503_01,1
STMP_0002_FEC100_01,1
STMP_0002_F00E51_01,1
DR_0002_21_12,3
STMP_0002_F00F52_01,1
STMP_0002_FEC1EE_01,1
DR_0002_21_13,3
STMP_0002_FD7CEF_01,1
STMP_0002_FEDB00_01,1
STMP_0002_FDCB00_01,1
STMP_0002_FEDC00_01,1
STMP_0002_FE6CEE_01,1
STMP_0002_FEDF00_01,1
STMP_0002_FEE000_01,1
J_0001_00_4360,3
J_0001_00_4363,3
J_0001_00_3468,3
J_0001_00_3031,3
J_0001_3D_3031,3
J_0001_00_441,3
J_0001_00_442,3
J_0001_00_110,3
J_0001_00_174,3
J_0001_00_175,3
J_0001_00_176,3
J_0001_00_52,3
J_0001_4E_110,3
J_0001_4E_174,3
J_0001_4E_175,3
J_0001_4E_176,3
J_0001_4E_52,3
J_0001_00_101,3
J_0001_4E_101,3
J_0001_00_90,3
J_0002_00_7,3
J_0002_00_8,3
J_0002_00_14,3
J_0002_9F_26,3
J_0002_9F_27,3
J_0002_9F_28,3
J_0002_9F_29,3
J_0002_00_34,3
J_0002_F0_39,3
J_0002_F0_40,3
J_0002_F0_41,3
J_0002_F0_42,3
J_0002_F0_43,3
J_0001_00_1433,3
J_0001_00_1434,3
J_0001_00_1435,3
J_0001_00_1436,3
J_0001_00_514,3
J_0001_00_2978,3
PP_0001_00_16786238,3
DR_0002_21_19,3
DR_0002_21_22,1
GY_0001_01_001,1
J_0001_01_002,3
DR_0002_21_23,1
DR_0002_21_24,3
DR_0002_17_1,3
DR_0002_21_25,3
DR_0002_8D_1,1
DR_0002_8D_2,1
DR_0002_8D_3,1
TY_0000_01_01,1
DR_0002_8D_4,1
STMP_0000_GYZMB_01,1
PP_0001_00_16824469,3
PP_0001_00_16824596,1
PP_0001_00_16789504,7
PP_0001_00_16789506,3
PP_0001_00_16782467,3
PP_0001_00_16782472,1
TY_0002_00_47,7
TY_0002_00_48,7
TY_0002_00_49,7
TY_0002_00_51,7
TY_0002_00_52,1
TY_0002_00_53,1
TY_0002_00_54,1
TY_0002_00_55,1
TY_0002_00_56,1
TY_0002_00_57,1
TY_0002_00_58,1
DR_0002_8D_5,1
PP_0001_00_16781531,1
PP_0001_00_16786763,3
PP_0001_00_16791099,3
PP_0001_00_16791093,3
PP_0001_00_16782748,3
PP_0001_00_16786618,1
PP_0001_00_16786651,1
PP_0001_00_16781764,1
PP_0001_00_16781763,1
PP_0001_00_16785853,1
PP_0001_00_16786069,1
PP_0001_00_16782208,1
PP_0001_00_16785851,1
PP_0001_00_16823545,1
PP_0001_00_16786638,1
PP_0001_00_16781707,3
PP_0001_00_16784056,3
PP_0001_00_16789243,3
PP_0001_00_16789241,3
PP_0001_00_16788444,1
PP_0001_00_16777244,3
DR_0002_8D_6,1
DR_0002_8D_7,1
DR_0002_8D_8,1
DR_0002_8D_9,1
DR_0002_21_26,3
STMP_0003_0EFFF21F425_01,1
TC_0001_00_1,7
DR_0001_00_65226,7
DR_0001_00_70001,3
DR_0002_21_27,3
PP_0001_00_16793683,1
PP_0001_00_16789401,3
PP_0001_00_16784911,1
PP_0001_00_16786241,7
PP_0001_00_16786242,7
PP_0001_00_16786236,3
PP_0001_00_16786323,3
PP_0001_00_16786234,7
PP_0001_00_16789236,3
PP_0001_00_16789235,3
PP_0001_00_16786717,3
PP_0001_00_16789283,3
PP_0001_00_16790557,3
PP_0001_00_16789280,3
PP_0001_00_16824034,3
PP_0001_00_16789279,3
PP_0001_00_16786718,3
TY_0004_00_85,1
TY_0002_00_1,1
TY_0002_00_2,3
J_0001_03_4250,1
PP_0001_00_16782259,3
PP_0001_00_16784897,1
PP_0001_00_16812493,1
PP_0001_00_16790920,3
PP_0001_00_16781874,1
PP_0001_00_16791186,3
TY_0002_00_117,1
TY_0002_00_118,1
TY_0002_00_119,1
PP_0001_00_16791187,1
PP_0001_00_16824385,1
PP_0001_00_16785843,3
PP_0001_00_16789664,3
PP_0001_00_16790569,3
PP_0001_00_16781881,3
PP_0001_00_16784707,3
PP_0001_00_16785187,1
PP_0001_00_16781674,1
PP_0001_00_16786636,1
PP_0001_00_16792414,3
PP_0001_00_16781539,1
PP_0001_00_16784547,1
PP_0001_00_16791181,1
PP_0001_00_16823828,1
TY_0002_00_3,3
TY_0002_00_8,7
TY_0002_00_9,1
TY_0002_00_10,1
TY_0002_00_11,1
TY_0002_00_12,1
TY_0002_00_13,1
TY_0002_00_14,1
STMP_0002_FEE500_01,1
J_0001_00_3807,1
DR_0001_00_91,3
TY_0001_00_1,1
TY_0001_00_2,1
DR_0001_00_92,3
DR_0001_00_29,3
TY_0001_00_3,1
DR_0001_00_513,3
DR_0001_00_190,3
DR_0001_00_1636,3
DR_0001_00_1637,3
DR_0001_00_2630,3
DR_0001_00_250,3
DR_0001_00_94,3
DR_0001_00_101,3
DR_0001_00_111,3
DR_0001_00_183,3
DR_0001_00_108,3
DR_0001_00_172,3
DR_0001_00_102,3
DR_0001_00_105,3
PP_0001_00_16823954,1
PP_0001_00_16788754,3
PP_0001_00_16812726,1
PP_0001_00_16784909,1
PP_0001_00_16784910,1
PP_0001_00_16823833,3
PP_0001_00_16786248,3
PP_0001_00_16786239,3
PP_0001_00_16786233,7
PP_0001_00_16786249,3
PP_0001_00_16789388,1
DR_0001_00_158,3
STMP_0002_FEE700_01,1
DR_0002_21_1,1
PP_0001_00_16794307,3
PP_0001_00_16789178,3
PP_0001_00_16777243,3
PP_0001_00_16786073,3
PP_0001_00_16786237,3
PP_0001_00_16786240,3
PP_0001_00_16781737,1
PP_0001_00_16791185,1
PP_0001_00_16791183,1
PP_0001_00_16791331,1
PP_0001_00_16785832,3
PP_0001_00_16786101,1
PP_0001_00_16781449,1
PP_0001_00_16786295,3
PP_0001_00_16785844,3
PP_0001_00_16787872,1
PP_0001_00_16801893,1
PP_0001_00_16820126,1
PP_0001_00_16789207,1
PP_0001_00_16781653,1
PP_0001_00_16792425,3
PP_0001_00_16791192,1
PP_0001_00_16791180,1
PP_0001_00_16783711,3
PP_0001_00_16789242,3
PP_0001_00_16786712,3
PP_0001_00_16789289,3
PP_0001_00_16789287,3
PP_0001_00_16817893,3
PP_0001_00_16789357,1
PP_0001_00_16786235,7
PP_0001_00_16791107,3
PP_0001_00_16789294,3
PP_0001_00_16782473,1
PP_0001_00_16782471,1
PP_0001_00_16818080,1
PP_0001_00_16804686,3
PP_0001_00_16786634,1
PP_0001_00_16791146,3
PP_0001_00_16791005,3
PP_0001_00_16789176,1
PP_0001_00_16786569,1
PP_0001_00_16803364,3
PP_0001_00_16786715,3
PP_0001_00_16803362,3
PP_0001_00_16789282,3
PP_0001_00_16789281,3
PP_0001_00_16789234,3
PP_0001_00_16789231,3
PP_0001_00_16789232,3
PP_0001_00_16789227,3
TY_0004_00_161,7
TY_0004_00_162,7
TY_0004_00_109,1
TY_0004_00_163,7
TY_0004_00_164,7
TY_0004_00_165,7
TY_0004_00_166,7
TY_0004_00_167,7
TY_0002_00_3,3
STMP_0002_FEE900_01,1
DR_0002_21_2,1
DR_0002_21_14,3
DR_0002_21_15,3
STMP_0002_FEE400_01,1
STMP_0002_FEEE00_01,1
DR_0002_21_16,3
STMP_0002_FEEF00_01,1
DR_0002_21_17,3
DR_0002_21_18,3
DR_0002_21_20,1
DR_0002_21_21,1
TY_0002_00_120,1
TY_0002_00_121,7
TY_0002_00_122,1
TY_0002_00_123,1
TY_0002_00_124,1
TY_0002_00_125,1
TY_0002_00_126,1
TY_0002_00_127,1
TY_0002_00_128,1
TY_0002_00_129,1
TY_0002_00_132,1
TY_0002_00_133,1
TY_0002_00_134,7
TY_0002_00_135,7
TY_0002_00_136,7
TY_0002_00_137,7
TY_0002_00_138,1
TY_0002_00_142,3
TY_0002_00_143,3
TY_0002_00_144,1
TY_0002_00_148,3
TY_0002_00_149,3
TY_0002_00_15,1
TY_0002_00_16,1
PP_0001_00_16788446,1
PP_0001_00_16789224,3
PP_0001_00_16789220,3
TY_0002_00_150,1
TY_0002_00_154,3
TY_0002_00_155,3
TY_0002_00_156,1
TY_0002_00_157,1
TY_0002_00_158,1
TY_0002_00_159,7
TY_0002_00_160,7
TY_0002_00_162,7
TY_0002_00_164,7
TY_0002_00_165,1
TY_0002_00_166,7
TY_0002_00_167,1
TY_0002_00_168,7
TY_0002_00_169,1
TY_0002_00_171,1
TY_0002_00_180,1
TY_0002_00_241,1
TY_0002_00_242,1
TY_0002_00_243,1
TY_0002_00_244,1
TY_0002_00_245,1
TY_0002_00_246,1
TY_0002_00_247,1
TY_0002_00_248,1
TY_0002_00_249,1
TY_0002_00_250,1
TY_0002_00_251,1
TY_0002_00_252,1
TY_0002_00_253,1
TY_0002_00_254,1
PP_0001_00_16786570,1
PP_0001_00_16786733,3
TY_0002_00_255,1
TY_0002_00_256,1
TY_0002_00_257,1
TY_0002_00_258,1
TY_0002_00_259,1
TY_0002_00_260,1
TY_0002_00_261,1
TY_0002_00_262,1
TY_0002_00_263,1
TY_0002_00_264,1
TY_0002_00_265,1
TY_0002_00_181,1
TY_0002_00_182,1
TY_0002_00_183,1
TY_0002_00_184,1
TY_0002_00_185,1
TY_0002_00_186,1
TY_0002_00_187,1
TY_0002_00_188,1
TY_0002_00_189,1
TY_0002_00_190,1
TY_0002_00_191,1
TY_0002_00_192,1
TY_0002_00_193,1
TY_0002_00_194,1
TY_0002_00_195,1
TY_0002_00_196,1
TY_0002_00_197,1
TY_0002_00_198,1
TY_0002_00_199,1
TY_0002_00_200,1
TY_0002_00_201,1
TY_0002_00_202,1
TY_0002_00_203,1
TY_0002_00_204,1
TY_0002_00_205,1
TY_0002_00_206,1
TY_0002_00_207,1
TY_0002_00_208,1
TY_0002_00_209,1
TY_0002_00_210,1
TY_0002_00_211,1
TY_0002_00_212,1
TY_0002_00_213,1
TY_0002_00_214,1
TY_0002_00_215,1
TY_0002_00_216,1
TY_0002_00_217,1
TY_0002_00_218,1
TY_0002_00_219,1
TY_0002_00_220,1
TY_0002_00_221,1
TY_0002_00_222,1
TY_0002_00_223,1
TY_0002_00_224,1
TY_0002_00_225,1
TY_0002_00_226,1
TY_0002_00_227,1
TY_0002_00_228,1
TY_0002_00_229,1
TY_0002_00_230,1
TY_0002_00_231,1
TY_0002_00_232,1
TY_0002_00_233,1
TY_0002_00_234,1
TY_0002_00_235,1
TY_0002_00_236,1
TY_0002_00_237,1
TY_0002_00_238,1
TY_0002_00_239,1
TY_0002_00_240,1
TY_0002_00_106,1
TY_0002_00_107,1
TY_0002_00_108,1
TY_0002_00_109,1
TY_0002_00_110,1
TY_0002_00_111,1
TY_0002_00_112,1
TY_0002_00_113,7
TY_0002_00_114,7
TY_0002_00_115,1
TY_0002_00_116,1
TY_0002_00_340,1
TY_0002_00_341,1
TY_0002_00_342,1
TY_0002_00_266,1
TY_0002_00_267,1
TY_0002_00_268,1
TY_0002_00_269,1
TY_0002_00_270,1
TY_0002_00_271,1
TY_0002_00_272,1
TY_0002_00_273,1
TY_0002_00_274,1
TY_0002_00_275,1
TY_0002_00_276,1
TY_0002_00_277,1
TY_0002_00_278,1
TY_0002_00_279,1
PP_0001_00_16825352,3
PP_0001_00_16783399,3
TY_0002_00_281,1
TY_0002_00_280,1
TY_0002_00_282,1
TY_0002_00_283,1
TY_0002_00_284,1
TY_0002_00_285,1
TY_0002_00_286,1
TY_0002_00_537,1
TY_0002_00_538,1
TY_0002_00_539,1
TY_0002_00_540,1
TY_0002_00_541,1
TY_0002_00_542,1
TY_0002_00_543,1
TY_0002_00_544,1
TY_0002_00_545,1
TY_0002_00_546,1
TY_0002_00_547,1
TY_0002_00_59,1
TY_0002_00_60,1
TY_0002_00_61,1
TY_0002_00_62,1
TY_0002_00_63,1
TY_0002_00_64,1
TY_0002_00_65,1
TY_0002_00_66,1
TY_0002_00_67,1
TY_0002_00_68,1
TY_0002_00_69,1
TY_0002_00_79,1
TY_0002_00_81,7
TY_0002_00_92,7
TY_0002_00_93,7
TY_0002_00_94,7
TY_0002_00_95,1
TY_0002_00_96,7
TY_0002_00_97,1
TY_0002_00_98,7
TY_0002_00_99,1
TY_0002_00_100,7
TY_0002_00_101,1
TY_0002_00_102,1
TY_0002_00_103,1
TY_0002_00_104,1
PP_0001_00_16789223,3
PP_0001_00_16786735,3
PP_0001_00_16789255,3
PP_0001_00_16789251,3
PP_0001_00_16784058,3
TY_0002_00_38,1
TY_0002_00_39,3
PP_0001_00_16783808,1
TY_0002_00_44,1
TY_0002_00_105,1
TY_0002_00_287,1
TY_0002_00_288,1
TY_0002_00_289,1
TY_0002_00_290,1
TY_0002_00_291,1
TY_0002_00_292,1
TY_0002_00_293,1
TY_0002_00_294,1
PP_0001_00_16789265,1
TY_0002_00_295,1
TY_0002_00_296,1
TY_0002_00_297,1
TY_0002_00_298,1
PP_0001_00_16789256,1
TY_0002_00_299,1
TY_0002_00_300,1
TY_0002_00_301,1
TY_0002_00_302,1
TY_0002_00_303,1
TY_0002_00_304,1
TY_0002_00_305,1
TY_0002_00_306,1
TY_0002_00_307,1
TY_0002_00_308,1
TY_0002_00_309,1
PP_0001_00_16789218,3
PP_0001_00_16789254,3
PP_0001_00_16789253,3
PP_0001_00_16789252,3
PP_0001_00_16793680,3
TY_0002_00_39,3
TY_0002_00_40,1
PP_0001_00_16781709,3
TY_0002_00_43,1
PP_0001_00_16823937,1
PP_0001_00_16815922,1
TY_0002_00_45,1
TY_0002_00_46,1
PP_0001_00_16815929,3
TY_0002_00_310,1
TY_0002_00_311,1
TY_0002_00_312,1
TY_0002_00_313,1
TY_0002_00_314,1
TY_0002_00_315,1
TY_0002_00_316,1
TY_0002_00_317,1
TY_0002_00_318,1
TY_0002_00_319,1
PP_0001_00_16786734,3
TY_0002_00_320,1
TY_0002_00_321,1
TY_0002_00_322,1
TY_0002_00_323,1
TY_0002_00_324,1
TY_0002_00_325,1
TY_0002_00_326,1
TY_0002_00_327,1
TY_0002_00_328,1
TY_0002_00_329,1
PP_0001_00_16803363,3
TY_0002_00_106,1
TY_0002_00_118,1
TY_0002_00_169,1
TY_0002_00_171,1
TY_0002_00_170,7
TY_0002_00_172,7
TY_0002_00_174,1
TY_0002_00_175,1
TY_0002_00_176,1
TY_0002_00_177,1
TY_0002_00_178,1
TY_0002_00_179,1
TY_0002_00_180,1
TY_0002_00_495,1
TY_0002_00_496,1
TY_0002_00_516,1
TY_0002_00_517,1
TY_0002_00_518,1
TY_0002_00_519,1
TY_0002_00_520,1
TY_0002_00_521,1
TY_0002_00_522,1
TY_0002_00_523,1
TY_0002_00_524,1
TY_0002_00_525,1
TY_0002_00_526,1
TY_0002_00_527,1
TY_0002_00_528,1
TY_0002_00_529,1
TY_0002_00_530,1
TY_0002_00_531,1
TY_0002_00_531,1
TY_0002_00_532,1
TY_0002_00_533,1
TY_0002_00_534,1
TY_0002_00_535,1
TY_0002_00_536,1
PP_0001_00_16789291,3
PP_0001_00_16789290,3
PP_0001_00_16789277,3
PP_0001_00_16789276,3
PP_0001_00_16785223,1
PP_0001_00_16777346,7
PP_0001_00_16785831,7
PP_0001_00_16785850,7
PP_0001_00_16785842,7
TY_0002_00_548,1
TY_0002_00_549,1
TY_0002_00_550,1
TY_0002_00_551,1
TY_0002_00_552,1
TY_0002_00_553,1
TY_0002_00_554,1
TY_0002_00_555,1
TY_0002_00_556,1
TY_0002_00_557,1
TY_0002_00_558,1
TY_0002_00_559,1
TY_0002_00_560,1
TY_0002_00_561,1
TY_0002_00_562,1
TY_0002_00_563,1
TY_0002_00_564,1
PP_0001_00_16811006,1
TY_0002_00_565,1
TY_0002_00_566,1
TY_0002_00_567,1
TY_0002_00_568,1
TY_0002_00_569,1
TY_0002_00_570,1
TY_0002_00_571,1
TY_0002_00_572,1
TY_0002_00_446,1
TY_0002_00_448,1
PP_0001_00_16786714,3
TY_0002_00_473,1
TY_0002_00_474,1
TY_0002_00_475,1
TY_0002_00_476,1
TY_0002_00_477,1
TY_0002_00_478,1
TY_0002_00_479,1
TY_0002_00_480,1
TY_0002_00_481,1
PP_0001_00_16786713,3
TY_0002_00_482,1
TY_0002_00_483,1
TY_0002_00_484,1
TY_0002_00_485,1
TY_0002_00_497,1
TY_0002_00_498,1
TY_0002_00_499,1
TY_0002_00_500,1
PP_0001_00_16790922,1
TY_0002_00_501,1
TY_0002_00_502,1
TY_0002_00_503,1
TY_0002_00_504,1
TY_0002_00_505,1
TY_0002_00_506,1
TY_0002_00_507,1
TY_0002_00_508,1
TY_0002_00_509,1
TY_0002_00_510,1
TY_0002_00_511,1
TY_0002_00_512,1
TY_0002_00_513,1
TY_0002_00_514,1
TY_0002_00_515,1
TY_0002_00_330,1
TY_0002_00_331,1
TY_0002_00_332,1
TY_0002_00_333,1
TY_0002_00_334,1
TY_0002_00_335,1
TY_0002_00_336,1
TY_0002_00_337,1
TY_0002_00_338,1
TY_0002_00_339,1
TY_0002_00_720,2
TY_0002_00_725,2
TY_0002_00_680,7
TY_0002_00_343,1
TY_0002_00_344,1
TY_0002_00_345,1
TY_0002_00_346,1
TY_0002_00_347,1
TY_0002_00_348,1
TY_0002_00_349,1
TY_0002_00_350,1
TY_0002_00_351,1
TY_0002_00_352,1
TY_0002_00_353,1
TY_0002_00_354,1
TY_0002_00_355,1
TY_0002_00_356,1
TY_0002_00_357,1
TY_0002_00_358,1
TY_0002_00_359,1
TY_0002_00_360,1
TY_0002_00_361,1
TY_0002_00_362,1
TY_0002_00_363,1
TY_0002_00_364,1
TY_0002_00_365,1
TY_0002_00_366,1
TY_0002_00_367,1
TY_0002_00_368,1
TY_0002_00_369,1
TY_0002_00_370,1
TY_0002_00_371,1
TY_0002_00_372,1
TY_0002_00_373,1
TY_0002_00_374,1
TY_0002_00_375,1
TY_0002_00_376,1
TY_0002_00_377,1
TY_0002_00_378,1
TY_0002_00_379,1
TY_0002_00_380,1
TY_0002_00_381,1
TY_0002_00_382,1
TY_0002_00_383,1
TY_0002_00_399,1
TY_0002_00_400,1
TY_0002_00_401,1
TY_0002_00_402,1
TY_0002_00_403,1
TY_0002_00_404,1
TY_0002_00_405,1
PP_0001_00_16789263,1
TY_0002_00_406,1
TY_0002_00_407,1
TY_0002_00_408,1
PP_0001_00_16789258,3
TY_0002_00_413,1
TY_0002_00_414,1
TY_0002_00_415,1
TY_0002_00_416,1
TY_0002_00_417,1
TY_0002_00_418,1
TY_0002_00_419,1
TY_0002_00_383,1
TY_0002_00_384,1
TY_0002_00_385,1
TY_0002_00_386,1
TY_0002_00_387,1
TY_0002_00_388,1
TY_0002_00_389,1
TY_0002_00_390,1
TY_0002_00_391,1
TY_0002_00_392,1
TY_0002_00_393,1
TY_0002_00_394,1
TY_0002_00_395,1
TY_0002_00_396,1
TY_0002_00_397,1
TY_0002_00_398,1
PP_0001_00_16786716,3
TY_0002_00_408,1
TY_0002_00_409,1
PP_0001_00_16789261,3
TY_0002_00_410,1
TY_0002_00_411,1
PP_0001_00_16786720,3
TY_0002_00_412,1
TY_0002_00_420,1
TY_0002_00_421,1
TY_0002_00_422,1
TY_0002_00_423,1
TY_0002_00_424,1
TY_0002_00_425,1
TY_0002_00_426,1
TY_0002_00_427,1
TY_0002_00_428,1
TY_0002_00_429,1
TY_0002_00_430,1
TY_0002_00_431,1
TY_0002_00_432,1
TY_0002_00_433,1
TY_0002_00_434,1
TY_0002_00_435,1
TY_0002_00_436,1
TY_0002_00_437,1
TY_0002_00_438,1
TY_0002_00_439,1
TY_0002_00_440,1
TY_0002_00_441,1
TY_0002_00_442,1
TY_0002_00_443,1
TY_0002_00_444,1
TY_0002_00_445,1
TY_0002_00_447,1
TY_0002_00_449,1
TY_0002_00_450,1
TY_0002_00_451,1
TY_0002_00_452,1
TY_0002_00_453,1
TY_0002_00_454,1
TY_0002_00_455,1
TY_0002_00_456,1
TY_0002_00_457,1
TY_0002_00_458,1
TY_0002_00_459,1
TY_0002_00_460,1
TY_0002_00_461,1
TY_0002_00_462,1
TY_0002_00_463,1
TY_0002_00_464,1
TY_0002_00_465,1
TY_0002_00_466,1
TY_0002_00_467,1
TY_0002_00_468,1
TY_0002_00_469,1
TY_0002_00_470,1
TY_0002_00_471,1
TY_0002_00_472,1
PP_0001_00_16786719,3
TY_0002_00_485,1
TY_0002_00_486,1
TY_0002_00_487,1
TY_0002_00_488,1
TY_0002_00_489,1
TY_0002_00_490,1
TY_0002_00_491,1
TY_0002_00_492,1
TY_0002_00_493,1
TY_0002_00_494,1
TY_0002_00_704,7
PP_0001_00_16806135,3
TY_0002_00_712,7
TY_0002_00_715,7
TY_0002_00_724,7
TY_0002_00_734,2
TY_0002_00_735,2
PP_0001_00_16792429,3
STMP_0001_FuelStatistics_01,1
STMP_0001_UnAdditionalAlarm_01,1
STMP_0001_SJ0X2E_01,1
STMP_0001_SJ0X2E_02,1
STMP_0001_SJ0X2E_03,1
STMP_0001_SJ0X2E_04,1
STMP_0001_SJ0X2E_05,1
STMP_0001_SJ0X2E_06,1
STMP_0001_SJ0X2E_07,1
STMP_0001_SJ0X2E_09,1
STMP_0001_SJ0X2E_0A,1
STMP_0001_SJ0X2E_0C,1
STMP_0001_SJ0X2E_0D,1
STMP_0001_SJ0X2E_0E,1
STMP_0001_SJ0X2E_0F,1
STMP_0001_SJ0X2E_10,1
STMP_0001_GearSpeed_01,1
TY_0001_00_14,7
STMP_0001_TimingUds_01,1
TY_0001_00_11,7
STMP_0001_Timing_01,1
STMP_0001_IP_01,1
STMP_0001_IP_02,1
STMP_0001_IP_03,1
STMP_0001_IP_04,1
PP_0001_00_16803577,1
PP_0001_00_16817802,1
PP_0001_00_16784247,3
PP_0001_00_16791182,1
STMP_0001_Fault_01,1
PP_0001_00_16824687,3
PP_0001_00_16802802,3
STMP_0001_TimingSwith_01,1
PP_0001_00_16802807,3
PP_0001_00_16803977,1
STMP_0001_Alarm_01,1
PP_0001_00_16803376,1
STMP_0001_AdditionalAlarm_01,1
PP_0001_00_16805868,1
TY_0002_00_598,1
TY_0002_00_599,1
TY_0002_00_600,1
TY_0002_00_601,1
TY_0002_00_602,1
TY_0002_00_603,1
TY_0002_00_604,1
PP_0001_00_16789239,3
TY_0002_00_605,1
TY_0002_00_606,1
TY_0002_00_607,1
TY_0002_00_608,1
TY_0002_00_609,1
TY_0002_00_610,1
TY_0002_00_611,1
TY_0002_00_612,1
TY_0002_00_613,1
TY_0002_00_617,1
TY_0002_00_618,1
TY_0002_00_619,1
TY_0002_00_620,1
TY_0002_00_621,1
TY_0002_00_622,1
PP_0001_00_16781882,3
TY_0002_00_727,3
TY_0002_00_728,3
PP_0001_00_16788800,3
TY_0002_00_41,3
PP_0001_00_16824434,3
TY_0002_00_70,2
TY_0002_00_130,3
TY_0002_00_131,3
PP_0001_00_16787945,1
TY_0002_00_682,2
TY_0002_00_686,2
TY_0002_00_687,2
TY_0002_00_688,2
TY_0002_00_689,2
TY_0002_00_691,2
TY_0002_00_692,2
PP_0001_00_16799413,1
TY_0002_00_693,2
TY_0002_00_694,2
TY_0002_00_698,2
TY_0002_00_699,2
TY_0002_00_705,2
TY_0002_00_729,7
TY_0005_00_01,7
PP_0001_00_16792415,3
TY_0005_00_02,7
TY_0002_00_730,2
TY_0002_00_731,2
TY_0002_00_732,2
TY_0002_00_733,2
PP_0001_00_16792510,3
TY_0001_00_18,1
STMP_0001_GPS_01,1
PP_0001_00_16824427,1
STMP_0001_Altitude_01,1
PP_0001_00_16802803,1
PP_0001_00_16802806,1
PP_0001_00_16805874,1
PP_0001_00_16805867,1
STMP_0001_UnAlarm_01,1
STMP_0001_LockState_01,1
PP_0001_00_16805873,1
STMP_0001_OilCons_01,1
STMP_0001_TempLimit_01,1
STMP_0001_TankThreshold_01,1
STMP_0001_SpeedLoad_01,1
PP_0001_00_16808328,3
TY_0002_00_173,7
TY_0002_00_678,2
TY_0002_00_679,2
TY_0002_00_681,2
TY_0002_00_702,2
TY_0002_00_703,2
PP_0001_00_16790924,1
TY_0002_00_705,2
TY_0002_00_706,2
TY_0002_00_710,2
TY_0002_00_713,2
TY_0002_00_716,2
TY_0002_00_718,2
TY_0002_00_764,3
TY_0002_00_765,3
TY_0002_00_767,3
TY_0002_00_832,1
TY_0002_00_835,1
TY_0002_00_838,1
STMP_0001_IP_05,1
PP_0001_00_16805865,1
TY_0001_00_13,7
TY_0001_00_26,7
PP_0001_00_16805869,1
STMP_0001_TmnlParam_01,1
PP_0001_00_16805871,1
PP_0001_00_16803369,7
PP_0001_00_16789219,1
PP_0001_00_16789295,1
PP_0001_00_16788047,1
PP_0001_00_16787953,1
PP_0001_00_16789266,3
PP_0001_00_16789293,3
PP_0001_00_16789292,3
PP_0001_00_16823953,1
PP_0001_00_16807180,1
TY_0002_00_42,2
TY_0002_00_50,2
PP_0001_00_16789262,3
PP_0001_00_16777220,3
PP_0001_00_16803567,1
TY_0002_00_139,2
PP_0001_00_16823981,1
TY_0002_00_141,3
TY_0002_00_145,2
TY_0002_00_146,3
TY_0002_00_147,3
TY_0002_00_80,7
TY_0002_00_151,2
TY_0002_00_152,3
TY_0002_00_153,3
TY_0002_00_161,7
PP_0001_00_16817771,1
TY_0002_00_163,7
PP_0001_00_16789260,3
PP_0001_00_16789259,3
PP_0001_00_16789257,3
PP_0001_00_16824438,3
PP_0001_00_16817188,3
PP_0001_00_16824431,1
PP_0001_00_16823989,1
PP_0001_00_16783812,1
PP_0001_00_16783467,3
PP_0001_00_16783633,3
STMP_0001_TmnlParam_02,1
STMP_0001_GearSpeed_02,1
PP_0001_00_16783810,3
PP_0001_00_16790207,3
PP_0001_00_16790243,3
PP_0001_00_16826081,3
PP_0001_00_16825997,3
PP_0001_00_16816780,1
PP_0001_00_16790234,1
PP_0001_00_16788028,3
PP_0001_00_16824120,3
PP_0001_00_16796488,3
PP_0001_00_16796101,3
PP_0001_00_16783437,3
PP_0001_00_16786075,2
TY_0001_00_16,1
PP_0001_00_16785848,7
PP_0001_00_16789275,3
PP_0001_00_16789264,3
PP_0001_00_16788765,1
PP_0001_00_16788766,1
PP_0001_00_16788753,1
PP_0001_00_16781765,1
PP_0001_00_16786298,3
PP_0001_00_16789358,1
PP_0001_00_16789359,1
PP_0001_00_16777348,7
PP_0001_00_16820175,3
PP_0001_00_16820174,3
PP_0001_00_16824019,3
PP_0001_00_16806128,3
PP_0001_00_16796087,3
PP_0001_00_16796088,3
PP_0001_00_16796704,3
TY_0002_00_573,1
TY_0002_00_574,1
TY_0002_00_575,1
TY_0002_00_576,1
TY_0002_00_577,1
TY_0002_00_578,1
TY_0002_00_579,1
TY_0002_00_580,1
TY_0002_00_581,1
TY_0002_00_582,1
TY_0002_00_583,1
TY_0002_00_584,1
TY_0002_00_585,1
TY_0002_00_586,1
TY_0002_00_587,1
TY_0002_00_588,1
TY_0002_00_589,1
TY_0002_00_590,1
TY_0002_00_591,1
TY_0002_00_592,1
TY_0002_00_593,1
TY_0002_00_594,1
TY_0002_00_595,1
TY_0002_00_596,1
TY_0002_00_597,1
PP_0001_00_16811466,1
TY_0002_00_614,1
TY_0002_00_615,1
TY_0002_00_616,1
PP_0001_00_16823978,1
PP_0001_00_16783439,3
TY_0002_00_677,1
TY_0002_00_683,3
TY_0002_00_684,3
TY_0002_00_685,3
TY_0002_00_690,3
TY_0002_00_695,3
TY_0002_00_696,3
TY_0002_00_697,3
TY_0002_00_700,3
TY_0002_00_701,3
TY_0002_00_707,3
TY_0002_00_708,3
TY_0002_00_709,3
TY_0002_00_711,2
TY_0002_00_714,1
TY_0002_00_717,2
TY_0002_00_719,2
TY_0002_00_721,1
TY_0002_00_722,3
TY_0002_00_723,3
TY_0002_00_726,1
TY_0002_00_727,3
TY_0002_00_4,7
PP_0001_00_16811280,3
TY_0002_00_140,3
TY_0002_00_803,3
TY_0002_00_804,3
TY_0002_00_807,3
TY_0002_00_809,3
TY_0002_00_813,3
TY_0002_00_815,3
TY_0002_00_816,3
TY_0002_00_818,3
TY_0002_00_819,3
TY_0002_00_821,3
TY_0002_00_822,3
TY_0002_00_824,3
TY_0002_00_825,3
TY_0002_00_834,3
TY_0002_00_836,3
TY_0002_00_837,3
TY_0002_00_839,3
TY_0002_00_840,3
TY_0002_00_842,3
TY_0002_00_843,3
TY_0002_00_845,3
TY_0002_00_846,3
TY_0002_00_848,3
TY_0002_00_849,3
TY_0001_00_21,7
PP_0001_00_16817181,1
PP_0001_00_16824081,1
PP_0001_00_16826082,3
PP_0001_00_16826071,3
PP_0001_00_16826080,3
PP_0001_00_16824082,1
PP_0001_00_16826302,3
PP_0001_00_16826308,3
PP_0001_00_16825883,3
PP_0001_00_16820176,1
PP_0001_00_16816781,1
PP_0001_00_16789492,3
PP_0001_00_16811448,3
PP_0001_00_16816326,1
PP_0001_00_16823942,3
PP_0001_00_16785860,2
TY_0002_00_736,3
TY_0002_00_737,3
TY_0002_00_738,3
TY_0002_00_739,1
TY_0002_00_740,2
TY_0002_00_741,7
TY_0002_00_742,7
TY_0002_00_743,7
TY_0002_00_744,1
TY_0002_00_744,1
TY_0002_00_745,1
TY_0002_00_746,1
TY_0002_00_747,7
TY_0002_00_748,7
TY_0002_00_749,7
TY_0002_00_750,7
TY_0002_00_751,7
TY_0002_00_752,7
TY_0002_00_753,7
TY_0002_00_753,7
TY_0002_00_754,7
TY_0002_00_755,7
TY_0002_00_756,7
TY_0002_00_757,7
TY_0002_00_758,7
TY_0002_00_759,7
TY_0002_00_760,7
TY_0002_00_761,7
TY_0002_00_762,7
TY_0002_00_763,7
TY_0002_00_768,3
TY_0002_00_770,3
TY_0002_00_771,3
TY_0002_00_773,3
TY_0002_00_774,3
TY_0002_00_776,3
TY_0002_00_851,3
TY_0002_00_852,3
TY_0002_00_766,1
TY_0002_00_775,1
TY_0002_00_796,1
TY_0002_00_799,1
TY_0002_00_802,1
TY_0002_00_805,1
TY_0002_00_808,1
TY_0002_00_811,1
TY_0002_00_814,1
TY_0002_00_817,1
TY_0002_00_820,1
TY_0002_00_823,1
TY_0002_00_826,1
TY_0002_00_829,1
STMP_0002_FEB300_01,1
STMP_0002_FEEE4E_01,1
STMP_0002_FEF803_01,1
STMP_0002_FEFB03_01,1
STMP_0002_FF76D1_01,1
STMP_0002_FFAD00_01,1
TY_0002_00_71,7
TY_0002_00_72,3
TY_0002_00_73,3
TY_0002_00_74,3
STMP_0001_LockPos1_01,1
STMP_0001_LockPos2_01,1
STMP_0001_LockPos3_01,1
TY_0002_00_844,1
TY_0002_00_847,1
TY_0002_00_850,1
TY_0002_00_853,1
STMP_0001_TmnlDriverBehavior_01,1
STMP_0001_UdsIDList_01,1
STMP_0001_PgnID_01,1
STMP_0001_TmnlPwdKey_01,1
TY_0001_00_27,7
TY_0002_00_75,1
TY_0002_00_76,1
STMP_0001_TmnlParam2_01,1
STMP_0001_UdsFault_01,1
TY_0001_00_29,1
STMP_0001_Pgn_01,1
STMP_0001_PgnIDGroup_01,1
STMP_0001_Lock_01,1
TY_0001_00_28,1
TY_0001_00_24,1
TY_0001_00_30,1
STMP_0001_Bound_01,1
STMP_0001_Bound_02,1
STMP_0001_Bound_03,1
STMP_0001_Bound_04,1
STMP_0001_Bound_05,1
STMP_0001_Bound_06,1
TY_0002_00_777,3
TY_0002_00_779,3
TY_0002_00_780,3
TY_0002_00_782,3
TY_0002_00_783,3
TY_0002_00_785,3
TY_0002_00_806,3
TY_0002_00_810,3
TY_0002_00_812,3
TY_0002_00_827,3
TY_0002_00_828,3
TY_0002_00_830,3
TY_0002_00_831,3
TY_0002_00_833,3
TY_0002_00_769,1
TY_0002_00_772,1
TY_0002_00_778,1
TY_0002_00_781,1
TY_0002_00_784,1
TY_0002_00_787,1
STMP_0001_Bound_08,1
TY_0002_00_786,3
TY_0002_00_790,1
TY_0002_00_793,1
TY_0001_00_25,1
TY_0001_00_25,1
STMP_0001_Bound_07,1
STMP_0001_Bound_09,1
STMP_0001_Bound_10,1
STMP_0001_Bound_11,1
STMP_0001_Bound_12,1
STMP_0001_Bound_13,1
STMP_0001_Bound_14,1
STMP_0001_Bound_15,1
STMP_0001_Bound_16,1
STMP_0001_Bound_17,1
STMP_0001_Bound_18,1
STMP_0001_Bound_19,1
STMP_0001_Bound_20,1
STMP_0001_Bound_21,1
STMP_0001_Bound_22,1
STMP_0001_Bound_23,1
STMP_0001_Bound_24,1
STMP_0001_Bound_25,1
TY_0002_00_841,1
STMP_0001_Bound_26,1
STMP_0001_Bound_27,1
STMP_0001_Bound_28,1
STMP_0001_Bound_29,1
STMP_0001_Bound_30,1
STMP_0001_TmnlDiagnosis_01,1
STMP_0001_UDS_02,1
TY_0002_00_854,7
TY_0002_00_855,7
TY_0002_00_856,7
STMP_0001_Track_01,1
PP_0001_00_16805872,1
PP_0001_00_16805866,1
PP_0001_00_16805870,1
J_0001_EF_3715,1
DR_0002_8D_10,1
DR_0002_21_26,3
STMP_0003_0EFFF21F424_01,1
STMP_0003_0EFFF21F426_01,1
STMP_0003_0EFFF21F427_01,1
STMP_0003_0EFFF21F428_01,1
STMP_0003_0EFFF21F429_01,1
STMP_0003_0EFFF21F43A_01,1
STMP_0001_BoundInfo_01,1
STMP_0001_EventrePort_01,1
DR_0001_00_110,3
DR_0001_00_174,3
DR_0001_00_98,3
STMP_0003_0EFFF21F43B_01,1
STMP_0003_0FFF621_01,1
STMP_0003_0FEE717_01,1
STMP_0003_0FEFC21_01,1
STMP_0003_0FE6821_01,1
TY_0002_00_857,2
DR_0002_21_65226,7
TY_0001_00_15,1
STMP_0003_0EEFF21_01,1
STMP_0003_0EF8D21F00DD0_01,1
STMP_0003_0EF8D21F00DD1_01,1
TY_0005_00_03,7
TY_0005_00_04,7
STMP_0003_0FF244A_01,1
STMP_0003_0EFFF21_01,1
STMP_0003_0EF8D21_01,1
STMP_0003_0EF8D21F00DD2_01,1
STMP_0003_0EF8D21F00DD3_01,1
STMP_0003_0EF8D21F00DD4_01,1
STMP_0003_0FECA21_01,1
STMP_0003_0FECA00_01,1
STMP_0003_0F00300_01,1
STMP_0003_0F00400_01,1
STMP_0003_0FE6900_01,1
STMP_0003_0EEFF00_01,1
STMP_0003_0FEE900_01,1
STMP_0003_0FEEE00_01,1
TY_0002_00_788,3
TY_0002_00_789,3
TY_0002_00_791,3
TY_0002_00_792,3
TY_0002_00_794,3
TY_0002_00_795,3
TY_0002_00_797,3
TY_0002_00_798,3
TY_0002_00_800,3
TY_0002_00_801,3
STMP_0001_Lock_02,1
STMP_0001_PgnParmDiag_01,1
STMP_0002_FEF000_01,1
STMP_0002_000003_01,1
STMP_0002_09A7F0_01,1
STMP_0002_11FF55_01,1
STMP_0002_18D0F3_01,1
STMP_0002_D30000_01,1
STMP_0002_F00029_01,1
STMP_0002_F0233D_01,1
STMP_0002_FD0700_01,1
STMP_0002_FD3E00_01,1
STMP_0002_FD3E3D_01,1
STMP_0002_FE9600_01,1
STMP_0002_FEA34E_01,1
STMP_0002_FEEC00_01,1
STMP_0002_FEF600_01,1
STMP_0002_FEFF00_01,1
STMP_0002_FFC500_01,1
STMP_0002_08A7F0_01,1
STMP_0002_FDA200_01,1
STMP_0002_FEA24E_01,1
STMP_0002_FEB900_01,1
STMP_0002_FEBC00_01,1
STMP_0002_FEC117_01,1
STMP_0002_FEEB00_01,1
STMP_0002_FEF100_01,1
STMP_0002_01A2A7_01,1
STMP_0002_E00000_01,1
STMP_0002_FEB100_01,1
STMP_0002_FEF200_01,1
STMP_0002_FEF500_01,1
STMP_0003_0FEEF00_01,1
STMP_0003_0FEF200_01,1
STMP_0001_Ty860_01,1
TY_0001_05_1,7
TY_0002_05_2,7
TY_0001_10_4,2
TY_0002_06_863,1
TY_0002_06_864,1
TY_0002_06_865,1
TY_0002_06_866,1
TY_0002_06_867,1
TY_0002_06_868,1
TY_0002_06_869,1
TY_0002_06_870,7
TY_0002_06_872,7
TY_0002_06_875,7
TY_0002_10_17,1
TY_0002_10_18,1
TY_0004_10_2,1
TY_0004_10_3,1
TY_0004_10_5,1
TY_0002_00_878,1
TY_0002_00_879,1
TY_0002_00_881,1
TY_0002_00_882,1
TY_0002_00_883,1
TY_0002_00_890,1
TY_0002_00_891,1
TY_0002_00_892,1
TY_0002_00_893,1
TY_0002_00_894,1
TY_0002_00_895,1
TY_0002_00_896,1
TY_0002_00_897,1
TY_0002_00_898,1
TY_0002_10_26,1
TY_0002_00_899,1
TY_0002_00_900,1
STMP_0010_IP_03,1
STMP_0001_LockPos3_02,1
TY_0002_06_860,1
TY_0002_06_861,1
TY_0002_06_862,1
TY_0002_10_5,3
TY_0004_05_01,1
TY_0002_02_1,1
TY_0002_10_1,7
TY_0002_10_6,3
TY_0002_10_7,3
TY_0002_06_871,1
TY_0002_06_873,1
TY_0002_06_874,1
TY_0002_10_19,1
TY_0002_10_20,1
TY_0002_10_21,1
TY_0002_10_22,1
TY_0004_10_4,1
TY_0004_10_41,1
TY_0002_10_23,1
STMP_0010_IP_01,1
TY_0002_10_24,1
STMP_0001_Statistics_01,1
MsgTPL_zlbTest,1
TY_0002_10_45,1
TY_0002_10_46,1
TY_0002_10_47,1
TY_0002_10_48,1
TY_0002_10_49,1
TY_0002_10_50,1
TY_0002_10_51,1
TY_0002_10_52,1
TY_0001_10_39,7
TY_0002_00_905,3
TY_0002_00_906,3
TY_0002_10_401,1
STMP_0003_PGN_01,1
TY_0001_10_5,1
TY_0002_10_32,1
TY_0004_00_168,1
TY_0004_00_169,1
TY_0004_00_170,1
TY_0004_00_172,1
MsgTPL_LFL_TEST,1
TY_0002_10_36,1
TY_0002_10_38,1
TY_0002_10_39,1
TY_0002_10_42,7
TY_0002_10_415,1
TY_0002_00_907,3
TY_0002_00_908,3
TY_0002_00_909,3
TY_0002_00_910,7
TY_0002_10_403,7
TY_0002_10_404,1
TY_0002_10_416,1
TY_0002_10_53,3
TY_0002_10_405,7
TY_0002_10_417,1
TY_0002_10_406,1
TY_0002_10_407,1
TY_0002_10_408,2
TY_0001_10_20,7
TY_0002_10_410,3
TY_0002_10_411,3
TY_0002_10_412,3
TY_0002_10_413,3
TY_0002_10_414,7
TY_0002_10_418,1
TY_0002_10_419,1
STMP_0003_0FEF500_01,1
STMP_0003_0FEF600_01,1
STMP_0003_0FEF700_01,1
STMP_0002_F00100_01,1
STMP_0002_F0044E_01,1
STMP_0002_F00F00_01,1
STMP_0002_FCFD00_01,1
STMP_0002_FD403D_01,1
STMP_0002_FD7C55_01,1
STMP_0002_FD9200_01,1
STMP_0002_FDB800_01,1
STMP_0002_FFB200_01,1
STMP_0002_FEC000_01,1
STMP_0002_FEF53D_01,1
STMP_0002_FEEF4E_01,1
STMP_0002_FEF700_01,1
STMP_0002_FE8C00_01,1
STMP_0002_FE9A00_01,1
STMP_0002_FEA14E_01,1
STMP_0002_FEDA00_01,1
STMP_0002_FFF823_01,1
STMP_0002_FEE600_01,1
STMP_0002_FFFF00_01,1
STMP_0002_FEF117_01,1
STMP_0002_FDE400_01,1
STMP_0002_FDE500_01,1
STMP_0002_FE8700_01,1
STMP_0002_FE8B00_01,1
STMP_0002_FE563D_01,1
STMP_0002_FE4A03_01,1
TY_0002_00_858,7
STMP_0002_FEED00_01,1
STMP_0002_FFB000_01,1
STMP_0002_FFC89F_01,1
STMP_0002_FECA00_01,1
STMP_0002_FEE300_01,1
STMP_0002_FE5600_01,1
TY_0002_00_82,3
MsgTPL_NeutralRunNum,1
MsgTPL_IsSpeed,1
MsgTPL_iWork,3
MsgTPL_tWork,3
MsgTPL_iOilCons,3
MsgTPL_tOilCons,3
MsgTPL_iRunKmECM,3
MsgTPL_tRunKmECM,3
MsgTPL_iRunKmExact,3
MsgTPL_tRunKmExact,3
MsgTPL_iIdleWorkTime_PGN,3
MsgTPL_tIdleWorkTime_PGN,3
MsgTPL_iIdleWorkTime_UDS,3
MsgTPL_tIdleWorkTime_UDS,3
MsgTPL_AverageLoad,3
MsgTPL_CruiseKm,3
MsgTPL_iUreaConsumption,3
MsgTPL_tUreaConsumption,3
MsgTPL_FltNum,1
MsgTPL_FltAllNum,1
MsgTPL_RapidSpeedNum,1
MsgTPL_RapidSpeedKm,3
MsgTPL_AcceleratorNum,1
MsgTPL_NeutralRunWorkTime,3
MsgTPL_FatigueDrivingWorkTime,3
MsgTPL_FatigueDrivingNum,1
MsgTPL_State,1
STMP_0001_LockPos1_02,1
STMP_0001_UDSParmDiag_01,1
TY_0001_Raw2_ID,1
STMP_0003_024FF4A_01,1
Msg_Test,4
STMP_0001_LockPos2_02,1
TY_0001_00_10,7
STMP_0001_BaseStation_01,1
TY_0001_Raw2_Packet,1
TY_0001_Decode_ID,7
TY_0001_Decode_Packet,7
TY_0001_05_2,7
TY_0001_02_2,1
TY_0001_02_3,7
TY_0001_05_3,7
TY_0001_05_4,2
TY_0001_10_3,7
TY_0002_10_13,7
TY_0001_03_1,7
TY_0001_10_7,7
TY_0001_10_1,7
TY_0001_10_2,7
TY_0001_10_6,7
TY_0002_10_14,7
TY_0002_10_15,7
TY_0002_10_16,1
TY_0002_10_3,7
TY_0002_10_8,3
TY_0004_10_1,1
TY_0002_10_10,3
TY_0002_10_11,3
TY_0002_00_876,1
TY_0002_10_25,7
TY_0002_00_877,1
TY_0002_00_880,1
TY_0002_00_884,1
TY_0002_00_885,1
TY_0002_00_886,1
TY_0002_00_859,1
TY_0002_10_4,7
TY_0002_00_889,1
TY_0002_00_887,1
TY_0002_00_888,1
TY_0002_00_901,7
TY_0002_00_902,7
TY_0002_00_903,7
TY_0002_00_904,3
STMP_0010_IP_02,1
TY_0004_10_6,1
TY_0004_10_7,1
TY_0002_10_27,7
TY_0002_10_28,1
TY_0002_10_29,7
TY_0002_10_30,1
STMP_0001_Timinginfoset_01,1
STMP_0010_IP_04,1
MsgTPL_zlbTest2,1
TY_0002_10_31,1
TY_0004_00_171,1
STMP_0001_Bdriver_01,1
STMP_0001_CompatibleInfo_01,1
TY_0002_10_33,1
TY_0002_10_34,1
TY_0002_10_35,1
TY_0002_10_37,1
TY_0002_10_40,1
TY_0002_10_41,7
TY_0002_10_43,1
TY_0004_10_8,1
STMP_0010_IP_05,1
TY_0002_10_44,1
STMP_0010_MsgDiagnose_01,1
TY_0001_10_9,1
TY_0001_Raw_Packet,7
TY_0001_Raw_ID,7
TY_0001_20_7,2
TY_0001_20_3,7
TY_0001_20_5,7
TY_0001_20_8,7
TY_0001_20_12,7
TY_0001_20_13,7
TY_0002_20_1,2
TY_0002_20_6,7
TY_0002_20_7,3
TY_0002_20_8,3
TY_0002_20_9,3
TY_0002_20_10,3
TY_0002_20_11,3
TY_0002_20_12,3
TY_0002_20_13,1
TY_0002_20_80,3
TY_0002_20_81,3
TY_0002_20_82,3
TY_0002_20_98,3
TY_0002_20_99,3
TY_0002_20_100,3
TY_0002_20_101,3
TY_0002_20_102,3
TY_0002_20_103,3
TY_0002_20_104,3
TY_0002_20_105,3
TY_0002_20_106,3
TY_0002_20_107,3
TY_0002_20_108,2
TY_0002_20_109,3
TY_0002_20_144,1
TY_0002_20_145,1
STMP_0001_TimingUds_02,1
STMP_0001_Timing_02,1
TY_0001_10_8,7
TY_0002_00_913,3
TY_0002_00_914,3
TY_0002_00_915,3
TY_0002_00_916,3
TY_0002_00_917,3
TY_0002_20_3,1
TY_0001_20_1,1
TY_0001_20_2,7
TY_0002_20_4,3
TY_0002_20_14,1
TY_0002_20_15,3
TY_0002_20_16,3
TY_0002_20_17,2
TY_0002_20_18,1
TY_0002_20_19,1
TY_0002_20_20,1
TY_0002_20_21,1
TY_0002_20_22,1
TY_0002_20_23,1
TY_0002_20_24,1
TY_0002_20_25,1
TY_0002_20_26,1
TY_0002_20_27,1
TY_0002_20_28,1
TY_0002_20_29,1
TY_0002_20_30,1
TY_0002_20_31,1
TY_0002_20_32,1
TY_0002_20_33,1
TY_0002_20_34,1
TY_0002_20_35,1
TY_0002_20_36,1
TY_0002_20_37,1
TY_0002_20_38,1
TY_0002_10_420,1
TY_0002_10_421,7
TY_0002_10_422,1
TY_0002_10_423,1
TY_0002_10_424,1
TY_0002_10_425,1
TY_0002_10_426,1
TY_0002_10_427,1
TY_0002_10_428,1
TY_0002_10_429,1
TY_0002_10_430,1
TY_0002_10_431,1
TY_0002_10_432,1
TY_0002_10_433,1
TY_0002_10_434,1
TY_0002_10_435,1
TY_0002_10_436,1
TY_0002_10_438,1
TY_0002_10_439,1
TY_0002_10_54,7
TY_0002_00_911,7
TY_0002_00_912,1
TY_0002_10_55,7
TY_0002_10_56,7
TY_0002_10_57,7
TY_0002_10_58,7
STMP_0010__Statesetup_01,1
TY_0002_10_59,7
MsgTPL_LFL_TEST2,1
STMP_0010_TmnlParam_02,1
TY_0001_05_5,1
STMP_0001_TmnlParam_03,1
TY_0001_20_4,1
TY_0001_20_6,7
TY_0001_20_9,7
STMP_0010_TmnlParam_01,1
TY_0001_20_10,7
TY_0001_20_11,7
TY_0002_20_2,7
TY_0002_20_39,1
TY_0002_20_40,1
TY_0002_20_41,1
TY_0002_20_42,1
TY_0002_20_43,1
TY_0002_20_44,1
TY_0002_20_45,2
TY_0002_20_46,3
TY_0002_20_83,3
TY_0002_20_84,3
TY_0002_20_85,3
TY_0002_20_86,3
TY_0002_20_87,3
TY_0002_20_88,3
TY_0002_20_89,3
TY_0002_20_90,3
TY_0002_20_91,3
TY_0002_20_92,3
TY_0002_20_93,3
TY_0002_20_94,3
TY_0002_20_95,3
TY_0002_20_96,3
TY_0002_20_97,3
TY_0002_20_110,3
TY_0002_20_111,3
TY_0002_20_112,3
TY_0002_20_113,3
TY_0002_20_114,3
TY_0002_20_115,3
TY_0002_20_116,3
TY_0002_20_117,3
TY_0002_10_437,1
TY_0004_10_10,1
STMP_0001_Track_02,1
TY_0002_20_119,3
TY_0002_20_118,3
TY_0002_20_120,3
TY_0002_20_121,3
TY_0002_20_122,3
TY_0002_20_123,3
TY_0002_20_124,3
TY_0002_20_125,3
TY_0002_20_126,3
TY_0002_20_127,3
TY_0002_20_128,3
TY_0002_20_129,3
TY_0002_20_130,3
TY_0002_20_131,3
TY_0002_20_132,3
TY_0002_20_133,3
TY_0002_20_134,3
TY_0002_20_135,3
TY_0002_20_136,3
TY_0002_20_137,3
TY_0002_20_138,3
TY_0002_20_139,3
TY_0002_20_140,3
TY_0002_20_141,3
TY_0002_20_142,1
TY_0002_20_143,1
TY_0002_20_146,1
TY_0002_20_147,1
TY_0002_20_148,1
TY_0002_20_149,1
TY_0002_20_150,1
TY_0002_20_151,1
TY_0002_10_60,7
STMP_0010__Extendparam_01,1
TY_0002_10_61,7
STMP_0001_TmnlParam_04,1
TY_0002_20_152,1
TY_0002_20_153,1
TY_0002_20_154,1
TY_0002_20_155,1
TY_0002_20_156,1
TY_0002_20_157,1
TY_0002_20_158,1
TY_0002_20_159,1
TY_0002_20_160,1
TY_0002_20_161,1
TY_0002_20_162,1
TY_0002_20_163,1
TY_0002_20_164,1
TY_0002_20_165,1
TY_0002_20_166,1
TY_0002_20_167,1
TY_0002_20_168,1
TY_0002_20_169,3
TY_0002_20_170,3
TY_0002_20_171,2
TY_0002_20_172,3
TY_0002_20_173,3
TY_0002_20_174,3
TY_0002_20_176,3
TY_0002_20_177,2
TY_0002_20_178,3
TY_0002_20_179,3
TY_0002_20_180,3
TY_0002_20_182,7
TY_0002_20_183,7
TY_0002_20_184,7
TY_0002_20_185,1
TY_0002_20_186,7
TY_0002_20_48,1
TY_00021_10_45,7
TY_00021_10_46,7
TY_0002_20_5,7
TY_0002_20_47,3
TY_0002_20_49,1
TY_0002_20_50,1
TY_0002_20_51,1
TY_0002_20_52,1
TY_0002_20_53,1
TY_0002_20_54,1
TY_0002_20_55,1
TY_0002_20_56,1
TY_0002_20_57,1
TY_0002_20_58,7
TY_0002_20_59,7
TY_0002_20_60,1
TY_0002_20_61,1
TY_0002_20_62,1
TY_0002_20_63,1
TY_0002_20_64,3
TY_0002_20_65,3
TY_0002_20_66,3
TY_0002_20_67,3
TY_0002_20_68,3
TY_0002_20_69,3
TY_0002_20_70,3
TY_0002_20_71,3
TY_0002_20_72,1
TY_0002_20_73,1
TY_0002_20_74,1
TY_0002_20_75,3
TY_0002_20_76,3
TY_0002_20_77,3
TY_0002_20_78,3
TY_0002_20_79,3
TY_0002_20_203,1
TY_0002_20_204,1
TY_0002_20_205,1
TY_0002_20_206,7
TY_0002_20_207,7
TY_0002_20_208,7
TY_0002_20_209,7
TY_0002_20_210,1
TY_0002_20_211,1
TY_0002_20_212,7
TY_0002_20_213,7
TY_0004_20_01,7
TY_0002_06_876,1
TY_0002_05_287,1
TY_0002_05_315,7
TY_0002_05_316,7
TY_0002_05_317,7
TY_0002_05_318,7
TY_0002_05_320,7
TY_0002_05_321,7
TY_0002_05_322,1
TY_0002_05_323,1
TY_0002_05_353,7
TY_0002_05_355,7
TY_0002_05_357,7
TY_0002_05_359,7
TY_0002_05_362,7
TY_0002_05_363,7
TY_0002_05_360,7
TY_0002_05_19,3
TY_0002_20_197,3
TY_0002_05_201,7
TY_0002_05_202,1
TY_0002_05_203,1
TY_0002_05_204,1
TY_0002_05_205,7
TY_0002_05_206,7
TY_0002_05_207,7
TY_0002_05_208,7
TY_0002_05_212,7
TY_0002_05_361,7
TY_0002_05_29,3
TY_0002_05_31,3
TY_0002_05_32,3
TY_0002_05_33,3
TY_0002_05_34,3
TY_0002_05_38,3
TY_0002_05_39,3
TY_0002_05_41,3
TY_0002_05_43,3
TY_0002_05_51,3
TY_0002_05_52,3
TY_0002_00_919,3
TY_0002_00_918,3
STMP_0001_Speedrange_01,1
TY_0002_05_53,3
TY_0002_05_55,3
TY_0002_05_56,3
TY_0002_05_57,3
TY_0002_05_58,3
TY_0002_05_60,3
TY_0002_05_61,3
TY_0002_05_73,3
TY_0002_05_74,3
TY_0002_05_75,3
TY_0002_20_200,7
TY_0002_20_222,1
TY_0002_20_225,3
TY_0002_20_226,3
TY_0002_20_227,3
TY_0002_20_228,3
TY_0002_20_229,3
TY_0002_20_230,1
TY_0002_20_231,1
TY_0002_20_232,1
TY_0002_05_218,7
TY_0002_05_228,1
TY_0002_05_238,7
TY_0002_05_239,7
TY_0002_05_255,3
TY_0002_05_264,7
TY_0002_05_265,1
TY_0002_05_267,1
TY_0002_05_268,1
TY_0002_05_269,1
TY_0002_05_284,1
TY_0002_05_288,7
TY_0002_05_289,7
TY_0002_05_293,1
TY_0002_05_294,7
TY_0002_05_05,1
TY_0002_05_07,1
TY_0002_05_297,1
TY_0002_05_308,7
TY_0002_05_309,7
TY_0002_05_310,7
TY_0002_05_311,7
TY_0002_05_354,7
TY_0002_05_356,7
TY_0002_05_358,7
TY_0004_20_02,7
TY_0004_20_03,7
TY_0004_20_04,7
TY_0004_20_05,7
TY_0004_20_06,7
TY_0004_20_07,7
TY_0004_20_08,7
TY_0004_20_09,7
TY_0002_05_219,1
TY_0002_05_220,1
TY_0002_05_221,1
TY_0002_05_222,1
TY_0002_05_223,1
TY_0002_05_224,1
TY_0002_05_225,1
TY_0002_05_226,1
TY_0002_05_227,1
TY_0002_05_08,7
TY_0002_05_09,7
TY_0002_05_10,7
TY_0002_05_11,1
TY_0002_05_12,1
TY_0001_05_19,7
TY_0002_05_14,1
TY_0002_05_15,1
TY_0002_05_16,3
TY_0002_05_18,3
TY_0002_05_20,3
TY_0002_05_364,7
TY_0002_05_21,3
TY_0002_05_366,7
TY_0002_05_368,7
TY_0002_05_216,7
TY_0002_05_217,1
TY_0002_05_229,1
TY_0002_05_233,1
TY_0002_05_235,1
TY_0002_05_04,7
TY_0002_05_292,7
TY_0002_05_291,7
TY_0002_05_295,7
TY_0002_05_296,1
TY_0002_05_298,1
TY_0002_05_299,3
TY_0002_05_300,3
TY_0002_05_312,7
TY_0002_05_313,7
TY_0002_05_319,7
TY_0002_05_365,7
TY_0002_05_367,7
TY_0002_05_22,1
TY_0002_05_23,1
TY_0002_05_370,7
TY_0002_05_24,3
TY_0002_05_25,3
TY_0001_05_10,7
TY_0001_05_20,7
TY_0002_05_27,3
TY_0001_05_11,7
TY_0002_05_35,3
TY_0002_05_36,3
TY_0002_05_40,3
TY_0002_05_45,3
TY_0002_05_46,3
TY_0002_05_47,3
TY_0002_05_49,3
TY_0002_20_187,1
TY_0002_20_188,7
TY_0002_20_189,1
TY_0002_20_190,1
TY_0002_20_191,1
TY_0002_20_192,1
TY_0002_20_193,2
TY_0002_20_195,3
TY_0002_20_196,3
TY_0002_20_198,7
TY_0002_20_199,3
TY_0002_20_201,7
TY_0002_20_202,7
TY_0002_20_219,3
TY_0002_20_220,3
TY_0002_20_223,3
TY_0002_20_224,3
STMP_1006_EgnOn_01,1
TY_0002_05_213,7
TY_0002_05_214,7
TY_0002_05_215,7
STMP_1006_AwakenTime_01,1
TY_0002_05_252,1
TY_0002_05_254,1
TY_0002_05_270,1
TY_0002_05_271,1
TY_0002_05_272,1
TY_0002_05_273,1
TY_0002_05_274,1
TY_0002_05_275,1
TY_0002_05_276,1
TY_0002_05_277,1
TY_0002_05_209,7
TY_0002_05_210,1
TY_0002_05_211,1
TY_0002_20_216,3
TY_0002_20_217,3
TY_0002_20_218,3
TY_0002_05_253,1
STMP_1005_IP_06,1
TY_0001_05_16,7
STMP_1020_WorkTime_02,1
TY_0001_05_17,7
STMP_1005_TmnlParam2_01,1
STMP_1020_Watertemp_02,1
TY_0001_05_14,7
STMP_1020_Pumppressure_02,1
STMP_1005_FLockState_01,1
STMP_1020_Workarea_01,1
STMP_1020_SIM_01,1
STMP_1005_ALockState_01,1
STMP_1005_LockState_01,1
TY_0002_05_Fault,7
TY_0002_05_Location,7
STMP_1006_BaseStation_01,1
TY_0002_05_231,1
TY_0002_05_232,7
TY_0002_05_234,7
TY_0002_05_236,7
TY_0002_05_237,7
TY_0002_05_240,7
TY_0002_05_241,7
TY_0002_05_242,7
TY_0002_05_243,7
TY_0002_05_244,2
TY_0002_05_245,1
TY_0002_05_246,1
TY_0002_05_247,1
TY_0002_05_248,1
TY_0002_05_249,1
TY_0002_05_250,1
TY_0002_05_251,1
TY_0002_05_256,3
TY_0002_05_257,1
TY_0002_05_258,1
TY_0002_05_259,1
TY_0002_05_260,1
TY_0002_05_261,1
TY_0002_05_262,1
TY_0002_05_263,1
TY_0002_05_266,1
TY_0002_05_278,1
TY_0002_05_279,1
TY_0002_05_280,1
TY_0002_05_281,1
TY_0002_05_282,1
TY_0002_05_283,1
TY_0001_05_02,7
TY_0002_05_285,1
TY_0002_05_286,7
TY_0002_05_290,1
TY_0002_05_03,7
TY_0002_05_301,3
TY_0002_05_302,1
TY_0002_05_303,1
TY_0002_05_304,1
TY_0002_05_305,1
TY_0002_05_306,1
TY_0002_05_307,1
TY_0002_05_314,7
TY_0004_05_30,1
TY_0002_05_127,1
STMP_1005_SIMlock_01,1
TY_0002_05_117,3
TY_0002_05_122,1
STMP_1020_BaseStation_01,1
TY_0002_05_128,1
TY_0001_05_22,7
TY_0004_05_16,1
TY_0004_05_17,1
TY_0004_05_18,1
STMP_1005_BaseStation_01,1
STMP_1005_Height_01,1
TY_0001_05_13,7
STMP_1020_GPRSNum_01,1
STMP_1020_Message_01,1
STMP_1005_Oiltemper_02,1
TY_0004_05_33,7
STMP_1020_MonthInfomation_01,1
TY_0004_05_34,7
TY_0004_05_35,7
TY_0004_05_36,7
TY_0004_05_37,7
STMP_1020_Alarm_01,1
TY_0004_05_38,7
TY_0004_05_39,7
STMP_1020_UnAlarm_01,1
TY_0004_05_40,7
TY_0004_05_41,7
TY_0004_05_42,7
TY_0002_05_601,1
STMP_1005_timeOfEngineer_01,1
TY_0002_05_28,3
TY_0002_05_91,3
TY_0002_05_94,3
TY_0002_05_95,3
TY_0002_05_96,3
TY_0002_05_97,3
TY_0002_05_108,7
TY_0002_05_109,1
TY_0002_05_111,1
TY_0002_05_230,1
TY_0002_05_119,3
STMP_1005_GSMlock_01,1
STMP_1005_SIMlogo_01,1
STMP_1005_IP_01,1
TY_0002_05_123,1
TY_0002_05_131,3
TY_0002_05_134,3
TY_0002_05_135,3
STMP_1020_WorkTime_01,1
STMP_1020_Watertemp_01,1
STMP_1020_Pumppressure_01,1
STMP_1020_Fuelconsumption_01,1
STMP_1020_Actiontime_01,1
STMP_1005_GSMstat_01,1
STMP_1020_Pumpswork_01,1
STMP_1005_Passwordset_01,1
STMP_1005_maintain_01,1
STMP_1020_Pumpswork_02,1
TY_0004_05_43,7
TY_0004_05_44,7
STMP_1020_LockPos1_01,1
STMP_1020_LockPos2_01,1
TY_0002_05_30,3
TY_0002_05_50,3
TY_0002_05_166,3
TY_0002_05_167,3
TY_0002_05_168,3
TY_0002_05_169,3
TY_0002_05_170,3
TY_0002_05_171,3
TY_0002_05_172,3
TY_0002_05_173,3
TY_0002_05_174,3
TY_0002_05_175,3
TY_0002_05_176,3
TY_0002_05_177,3
TY_0002_05_178,3
TY_0002_05_179,3
TY_0002_05_180,3
TY_0002_05_181,3
TY_0002_05_182,3
TY_0002_05_183,3
TY_0002_05_184,3
TY_0002_05_185,3
TY_0002_05_186,3
TY_0002_05_187,3
TY_0002_05_188,3
STMP_1005_Load_01,1
STMP_1005_Load_02,1
STMP_1005_Log_02,1
STMP_1005_Log_01,1
STMP_1005_P1distr_01,1
STMP_1005_P2distr_01,1
STMP_1005_P1+P2distr_01,1
STMP_1005_Oildistr_01,1
STMP_1005_Engineerdistr_01,1
STMP_1005_Stressdistr_01,1
TY_0002_05_106,7
TY_0002_05_107,7
TY_0002_05_112,1
TY_0002_05_114,2
TY_0001_05_115,7
STMP_1020_LockState_01,1
STMP_1020_DailyInfomation_02,1
STMP_1005_IP_05,1
STMP_1005_Tmnldiag_01,1
TY_0001_05_15,7
STMP_1020_Fuelconsumption_02,1
STMP_1020_Actiontime_02,1
STMP_1020_Lock_01,1
TY_0001_10_409,7
TY_0002_05_602,2
TY_0002_05_189,7
STMP_1005_MsgTiming_02,1
STMP_1005_MsgTiming_01,1
STMP_1005_MsgReceiving_01,1
TY_0002_05_59,1
STMP_1005_WaterTemper_01,1
STMP_1005_WaterTemper_02,1
STMP_1005_TurningOffdistr_01,1
STMP_1005_distribution_01,1
TY_0001_05_24,1
TY_0002_05_62,7
STMP_1005_Fault_01,1
TY_0002_20_175,2
TY_0002_20_181,2
TY_0002_10_2,7
STMP_1010_GPSmsg_01,1
TY_0002_20_194,2
TY_0002_10_402,7
TY_0002_05_37,3
TY_0002_05_42,3
TY_0002_05_44,3
TY_0002_05_48,3
TY_0002_05_54,3
TY_0002_05_82,3
TY_0002_05_83,3
TY_0002_05_84,3
TY_0002_05_85,3
TY_0002_05_86,3
TY_0002_05_87,3
TY_0002_05_100,3
TY_0002_05_101,3
TY_0002_05_99,3
TY_0002_05_88,3
TY_0002_05_103,3
TY_0002_05_102,3
TY_0002_05_104,3
TY_0002_05_105,3
TY_0002_05_140,3
TY_0002_05_141,3
TY_0002_05_142,3
TY_0002_05_143,3
TY_0002_05_144,3
TY_0002_05_145,3
TY_0002_05_146,3
TY_0002_05_147,3
TY_0002_05_148,3
TY_0002_05_149,3
TY_0002_05_150,3
TY_0002_05_151,3
TY_0002_05_152,3
TY_0002_05_153,3
TY_0002_05_76,3
TY_0002_05_77,3
TY_0002_05_81,3
TY_0002_05_89,3
TY_0002_05_90,3
TY_0004_05_27,1
TY_0004_05_29,1
TY_0002_05_92,3
TY_0002_05_116,3
STMP_1005_GPSlock_01,1
TY_0002_05_118,3
TY_0002_05_120,3
STMP_1005_IP_03,1
STMP_1005_IP_04,1
TY_0002_05_124,1
TY_0002_05_125,1
TY_0002_05_126,1
TY_0002_05_130,3
TY_0002_05_132,3
TY_0002_05_133,3
TY_0004_05_19,1
TY_0002_05_154,3
TY_0002_05_155,3
TY_0002_05_156,3
TY_0002_05_157,3
TY_0002_05_158,3
TY_0002_05_159,3
TY_0002_05_160,3
TY_0002_05_161,3
TY_0002_05_162,3
TY_0002_05_163,3
TY_0002_05_164,3
TY_0002_05_165,3
TY_0002_05_78,3
TY_0002_05_79,3
TY_0002_05_80,3
TY_0004_05_25,1
TY_0004_05_26,1
TY_0004_05_28,1
TY_0004_05_31,1
TY_0002_05_93,3
TY_0002_05_98,1
TY_0002_05_110,1
TY_0002_05_121,3
TY_0004_05_32,1
STMP_1005_IP_02,1
TY_0002_05_137,3
STMP_1020_GPS_01,1
STMP_1020_GMS_01,1
STMP_1005_TmnlParam_01,1
TY_0002_05_136,3
TY_0002_05_138,3
TY_0002_05_139,1
TY_0004_05_2,1
TY_0004_05_3,1
TY_0004_05_4,1
TY_0004_05_5,1
TY_0004_05_6,1
TY_0004_05_7,1
TY_0004_05_8,1
TY_0004_05_9,1
TY_0004_05_10,1
TY_0004_05_11,1
TY_0004_05_12,1
TY_0004_05_13,1
TY_0004_05_14,1
TY_0004_05_15,1
TY_0002_05_194,3
STMP_1020_DailyInfomation_01,1
TY_0004_20_41,7
TY_0002_20_258,1
TY_0002_20_259,1
TY_0002_20_260,1
TY_0002_20_261,1
TY_0002_20_262,1
TY_0002_20_263,1
TY_0002_20_264,1
TY_0002_20_265,1
TY_0002_20_266,1
TY_0002_20_267,1
TY_0002_20_268,1
TY_0002_20_269,1
TY_0002_20_270,1
TY_0002_20_271,1
TY_0002_20_272,1
TY_0002_20_273,1
TY_0002_20_274,1
TY_0002_20_275,1
TY_0002_20_276,1
TY_0002_20_277,1
TY_0002_20_278,1
TY_0002_20_279,1
TY_0002_20_280,1
TY_0002_20_281,1
TY_0002_20_282,1
TY_0002_20_283,1
TY_0002_20_284,1
TY_0002_20_285,1
TY_0002_20_286,1
TY_0002_20_287,1
TY_0002_20_288,1
TY_0002_20_289,1
TY_0002_20_337,3
TY_0002_20_338,3
TY_0002_20_339,3
TY_0002_20_340,3
TY_0002_20_341,3
TY_0002_20_342,3
TY_0002_20_343,3
TY_0002_20_344,3
TY_0002_20_351,3
TY_0002_20_352,3
TY_0002_05_415,3
TY_0002_20_354,3
TY_0002_20_353,3
TY_0002_05_416,3
TY_0002_05_417,3
TY_0002_05_418,3
TY_0002_05_419,3
TY_0002_05_420,3
TY_0002_05_421,3
TY_0002_05_422,3
TY_0002_05_423,3
TY_0002_05_424,3
TY_0002_05_425,3
TY_0002_05_426,3
TY_0002_05_427,3
TY_0002_05_428,3
TY_0002_20_355,3
TY_0002_20_356,3
TY_0002_20_357,3
TY_0002_20_358,3
TY_0002_20_359,3
TY_0002_20_360,3
TY_0002_20_361,3
STMP_1020_VclInfo_01,1
TY_0002_05_193,3
TY_0002_05_196,3
TY_0004_20_71,7
TY_0004_20_10,1
TY_0004_20_165,1
TY_0004_20_166,1
TY_0002_20_290,1
TY_0002_20_291,1
TY_0002_20_292,1
TY_0002_20_293,1
TY_0002_20_294,1
TY_0002_20_295,1
TY_0002_20_296,1
TY_0002_20_297,1
TY_0002_20_298,1
TY_0002_20_299,1
TY_0002_20_300,1
TY_0002_20_301,1
TY_0002_20_302,1
TY_0002_20_303,1
TY_0002_20_304,1
TY_0002_20_305,1
TY_0002_20_306,1
TY_0002_20_307,1
TY_0002_20_308,1
TY_0002_20_309,3
TY_0002_20_310,3
TY_0002_20_311,1
TY_0002_20_312,1
TY_0002_20_313,1
TY_0002_20_314,3
TY_0002_20_315,3
TY_0002_20_318,3
TY_0002_20_319,3
TY_0002_20_362,3
TY_0002_20_378,7
TY_0002_20_379,7
STMP_1020_VclUnAlarm_01,1
STMP_1020_Work_01,1
STMP_1020_Enginestatus_01,1
STMP_1020_Dieseloil_01,1
STMP_1005_MsgTiming(S5)_01,1
STMP_1005_Log(S5)_01,1
STMP_1005_N1distr_01,1
STMP_1020_UseIime_01,1
STMP_1005_N2distr_01,1
STMP_1020_Excavationloading_01,1
STMP_1020_Temperaturedis_01,1
STMP_1005_distribution(S5)_01,1
STMP_1020_Pressuredis_01,1
STMP_1020_Work_02,1
STMP_1020_WalkTime_01,1
STMP_1020_IdleTime_01,1
STMP_1020_Oilconsumption_01,1
STMP_1020_UseIime_02,1
STMP_1020_Excavationloading_02,1
STMP_1020_Temperaturedis_02,1
STMP_1020_Pressuredis_02,1
STMP_1020_TmnlMonthInfo_01,1
STMP_1020_FaultContent_01,1
STMP_1020_Diagnoseevent_01,1
STMP_1020_Alarm_02,1
STMP_1020_UnAlarm_02,1
STMP_1020_AlarmStatus_01,1
STMP_1020_WalkIdle_01,1
TY_0002_10_441,7
TY_0004_20_216,7
TY_0004_20_217,7
TY_0004_20_218,7
TY_0004_20_219,7
TY_0004_20_220,7
TY_0004_20_221,7
TY_0004_20_222,7
TY_0004_20_223,7
TY_0004_20_224,7
TY_0002_05_190,3
TY_0002_10_62,7
TY_0002_20_249,1
TY_0002_20_250,1
TY_0002_20_251,1
TY_0002_20_252,1
TY_0002_20_253,1
TY_0002_20_254,1
TY_0002_20_255,1
TY_0002_20_256,1
TY_0002_20_257,1
TY_0002_20_333,3
TY_0002_20_334,3
TY_0002_20_335,3
TY_0002_20_336,3
TY_0002_20_345,3
TY_0002_20_346,3
TY_0002_20_347,3
TY_0002_20_348,3
TY_0002_20_349,3
TY_0002_05_429,3
TY_0002_05_430,3
STMP_1020_VclAlarm_01,1
STMP_1020_Cycledate_01,1
STMP_1020_Cycledate_02,1
TY_0004_20_81,7
TY_0004_20_82,7
TY_0004_20_83,7
TY_0004_20_84,7
STMP_1020_IP_01,1
STMP_1020_IP_02,1
STMP_1020_IP_03,1
TY_0004_20_111,7
TY_0004_20_215,7
TY_0002_05_195,3
TY_0002_05_200,3
TY_0002_05_401,3
TY_0002_05_403,3
TY_0004_20_31,7
TY_0004_20_32,7
TY_0002_20_238,1
TY_0002_20_239,1
TY_0002_20_364,3
TY_0002_20_240,1
TY_0002_20_241,1
TY_0002_20_242,1
TY_0002_20_243,1
TY_0002_20_244,1
TY_0002_20_245,1
TY_0002_20_246,1
TY_0002_20_247,1
TY_0002_20_248,1
STMP_1020_ITC_01,1
TY_0002_20_363,3
TY_0002_20_365,3
TY_0002_20_366,3
TY_0002_20_367,3
TY_0002_20_368,3
TY_0002_20_233,2
STMP_0010_Alarming_01,1
TY_0002_20_236,2
TY_0002_20_234,7
TY_0002_20_235,7
TY_0001_05_18,7
TY_0002_20_237,7
TY_0002_20_317,3
TY_0002_05_191,3
TY_0002_05_192,3
TY_0002_05_402,3
TY_0002_05_404,3
TY_0002_05_405,3
TY_0002_05_406,3
TY_0002_05_410,3
TY_0002_05_411,3
TY_0002_05_412,3
TY_0002_05_413,3
TY_0002_10_67,7
STMP_1020_TmnlInfo_01,1
TY_0002_20_316,3
TY_0002_20_369,3
TY_0002_20_370,3
TY_0002_20_371,3
TY_0002_20_372,3
TY_0002_20_373,3
TY_0002_20_374,3
TY_0002_20_375,3
TY_0002_20_376,1
TY_0002_20_377,1
STMP_1010_Log_01,1
TY_0002_20_214,1
TY_0002_20_215,1
STMP_1020_AlertTime_01,1
TY_0002_20_321,3
STMP_1020_Eventlocation_01,1
STMP_1020_VclFault_01,1
TY_0002_10_63,7
TY_0002_05_197,3
TY_0002_10_64,7
TY_0002_05_198,3
TY_0002_05_199,3
TY_0002_05_407,3
TY_0002_05_408,3
TY_0002_05_409,3
TY_0002_10_65,7
TY_0002_10_66,1
TY_0002_20_320,3
TY_0002_20_322,3
TY_0002_20_323,3
TY_0002_20_324,3
TY_0002_20_325,3
TY_0002_20_326,3
TY_0002_20_327,3
TY_0002_20_328,3
TY_0002_20_329,3
TY_0002_20_330,3
TY_0002_05_414,7
TY_0002_20_331,3
TY_0002_20_332,3
TY_0002_20_350,3
STMP_1020_TmnlParam_02,1
TY_0002_05_448,1
TY_0002_05_451,1
TY_0002_05_452,1
TY_0002_05_453,1
TY_0002_05_456,1
TY_0004_05_53,1
TY_0001_05_30,7
TY_0002_05_458,1
TY_0002_05_460,2
TY_0002_05_462,3
TY_0002_05_464,3
TY_0002_05_465,3
TY_0002_05_467,2
TY_0002_05_468,1
TY_0002_05_475,3
TY_0002_05_476,3
TY_0002_05_478,2
TY_0002_05_479,1
TY_0002_05_479,1
TY_0004_05_58,7
TY_0004_05_59,7
TY_0004_05_60,7
TY_0004_05_61,7
TY_0002_05_480,1
TY_0002_05_482,2
TY_0002_05_484,3
TY_0002_05_485,3
TY_0002_05_486,3
TY_0002_05_487,3
TY_0002_05_489,2
TY_0002_05_490,1
TY_0002_05_491,2
TY_0002_05_446,1
TY_0004_05_52,1
TY_0002_05_454,1
TY_0002_05_455,1
TY_0004_05_54,7
TY_0002_05_471,2
TY_0002_05_473,3
TY_0002_05_474,3
TY_0001_20_14,7
TY_0002_30_11,1
TY_0002_10_68,7
STMP_1010_TmnlParam_03,1
TY_0002_30_12,3
TY_0002_30_22,3
TY_0002_30_24,3
TY_0002_30_28,3
TY_0002_30_27,1
TY_0002_30_41,3
TY_0002_30_42,3
TY_0002_30_43,1
TY_0002_30_44,1
TY_0002_30_45,1
TY_0002_30_46,1
TY_0002_30_47,1
TY_0002_30_48,1
TY_0002_30_49,1
TY_0002_30_50,1
TY_0002_30_51,3
TY_0002_30_52,1
TY_0002_30_54,1
TY_0002_30_55,2
TY_0002_30_56,3
TY_0002_30_57,3
TY_0002_30_58,3
TY_0002_30_13,3
TY_0002_30_14,3
TY_0002_30_15,3
TY_0002_30_16,3
TY_0002_30_17,3
TY_0002_30_18,3
TY_0002_30_19,3
TY_0002_30_20,3
TY_0002_30_21,3
TY_0002_30_23,3
TY_0002_30_25,3
TY_0002_30_59,1
TY_0002_30_60,2
TY_0002_30_61,3
TY_0002_30_62,3
TY_0002_30_63,3
TY_0002_30_64,2
TY_0002_30_65,3
TY_0002_30_66,3
TY_0002_30_67,3
TY_0002_30_138,1
TY_0002_30_139,1
TY_0002_30_140,1
TY_0002_30_141,1
TY_0002_30_142,1
TY_0002_30_143,1
TY_0002_30_144,1
TY_0002_30_145,1
TY_0002_30_146,1
TY_0002_30_147,1
TY_0002_30_148,1
TY_0002_30_149,1
TY_0002_30_150,7
TY_0002_05_445,1
TY_0002_05_447,1
TY_0004_05_51,1
TY_0002_05_449,1
TY_0002_05_450,1
STMP_1005_Tmnldiag5_01,1
STMP_1005_TmnlParam25_05,1
STMP_1020_TmnlParam_01,1
STMP_1020_Maskstatus_01,1
STMP_0010_FEF600_01,1
TY_0002_30_93,7
TY_0002_30_108,1
STMP_0010_FEF100_01,1
STMP_0010_FEE500_01,1
TY_0002_05_459,7
TY_0002_05_461,7
STMP_0010_FEE900_01,1
TY_0002_05_466,7
TY_0002_30_107,1
TY_0002_30_109,1
TY_0002_30_110,1
TY_0002_30_111,1
TY_0002_30_113,1
TY_0002_30_103,1
TY_0002_30_112,1
TY_0002_30_114,1
TY_0002_30_115,1
TY_0002_30_117,1
TY_0002_30_118,1
TY_0002_30_119,1
TY_0002_30_120,1
TY_0002_30_121,1
TY_0002_05_470,7
TY_0001_10_11,7
STMP_1005_matching_01,1
TY_0001_10_10,7
TY_0001_10_12,7
TY_0001_10_13,7
STMP_1010_IP_02,1
STMP_1010_leftupLo_01,1
STMP_1010_leftdownLo_01,1
STMP_1010_Station_01,1
TY_0002_30_26,1
TY_0002_30_29,3
TY_0002_30_30,1
TY_0002_30_31,1
TY_0002_30_32,1
TY_0002_30_33,1
TY_0002_30_34,1
TY_0002_30_35,1
TY_0002_30_36,3
TY_0002_30_37,1
TY_0002_30_38,1
TY_0002_30_39,1
TY_0002_30_40,3
TY_0002_30_94,3
TY_0002_30_95,3
TY_0002_30_96,3
TY_0002_30_97,3
TY_0002_30_98,3
TY_0002_30_99,3
TY_0002_30_100,1
TY_0002_30_101,1
TY_0002_30_102,1
TY_0002_30_104,1
TY_0002_30_105,1
TY_0002_30_106,1
STMP_1020_DailyInfo_01,1
TY_0002_05_440,1
TY_0002_05_441,1
TY_0002_05_442,1
TY_0002_05_443,1
TY_0004_05_50,1
TY_0002_05_444,1
TY_0002_05_463,3
TY_0002_05_464,3
TY_0002_05_465,3
TY_0004_05_55,7
TY_0004_05_56,7
TY_0004_05_57,7
TY_0002_05_469,1
STMP_1005_LockState5_01,1
STMP_1005_LockPos15_01,1
STMP_0001_Lockcir15_01,1
STMP_1005_LockPos25_01,1
STMP_0001_Lockcir25_01,1
STMP_1005_LockPos35_01,1
STMP_0001_Lockcir35_01,1
STMP_0010_F00300_01,1
TY_0002_20_221,1
STMP_0010_FEF200_01,1
STMP_0010_FEEE00_01,1
STMP_0001_Warnlight_01,1
STMP_0010_FEB700_01,1
STMP_0010_FEE000_01,1
STMP_0010_FEB100_01,1
STMP_0010_FD6800_01,1
STMP_0010_FEF000_01,1
STMP_1005_Locktimin15_01,1
STMP_0010_FEFF00_01,1
STMP_1005_Lockcir35_01,1
STMP_1005_Lockcir15_01,1
STMP_1005_Lockcir25_01,1
TY_0002_10_69,3
TY_0002_10_70,3
TY_0002_10_72,3
TY_0002_10_71,3
STMP_1010_IP_01,1
STMP_1010_IP_03,1
STMP_1010_IP_04,1
STMP_1010_IP_05,1
STMP_1010__Extendparam_01,1
STMP_1010__Statesetup_01,1
STMP_1010_TmnlParam_04,1
STMP_1010_leftupLa_01,1
STMP_1010_leftdownLa_01,1
TY_0001_30_3,7
TY_0001_30_6,7
TY_0001_30_7,2
TY_0002_30_01,1
TY_0002_30_02,1
TY_0002_30_03,7
TY_0002_30_04,7
TY_0002_30_05,1
TY_0002_30_06,1
TY_0002_30_07,3
TY_0002_30_08,1
TY_0002_30_09,1
TY_0002_30_10,1
STMP_1030_Timing_01,1
KM_0002_02_01,3
KM_0002_02_02,1
KM_0002_02_03,3
KM_0002_02_04,3
KM_0002_02_05,3
KM_0002_02_06,3
KM_0002_02_07,3
KM_0002_02_08,3
KM_0002_02_09,3
KM_0002_02_10,3
KM_0002_02_11,1
KM_0002_02_13,1
KM_0002_02_14,7
TY_0005_00_05,7
STMP_0003_000021F_01,1
STMP_0003_000021F01_01,1
STMP_0003_000021F02_01,1
STMP_0003_000021F03_01,1
STMP_0003_000011F_01,1
STMP_0003_000013F_01,1
STMP_0003_000023F_01,1
STMP_0003_000023F05_01,1
STMP_0003_000023F01_01,1
STMP_0003_000023F02_01,1
STMP_0003_0000121_01,1
STMP_0003_000020F_01,1
STMP_0003_000020F01_01,1
TY_0002_00_920,2
TY_0002_00_921,3
J_0003_00_29,3
J_0003_00_30,3
J_0003_00_31,3
J_0003_00_35,3
TY_0002_30_116,7
TY_0002_30_122,1
TY_0002_30_123,1
TY_0002_30_124,1
TY_0002_30_125,1
TY_0002_30_126,1
TY_0002_30_127,1
TY_0002_30_128,1
TY_0002_30_129,1
TY_0002_30_130,1
TY_0002_30_131,1
TY_0002_30_132,1
TY_0002_30_133,1
TY_0002_30_134,1
TY_0002_30_135,1
TY_0002_30_136,1
TY_0002_30_137,1
STMP_1030_speed_01,1
STMP_1030_crash_01,1
STMP_1030_distribution_01,1
J_0003_00_36,1
STMP_0010_FEEF00_01,1
STMP_0001_Indicatorlight_01,1
STMP_0001_WarnIndica_01,1
STMP_0010_FEE400_01,1
STMP_1005_Lockdaily15_01,1
STMP_1005_LockPos15_02,1
STMP_1005_Lockdaily25_01,1
STMP_0001_FIM_01,1
STMP_0001_Lockout_01,1
STMP_0001_Timing_35,1
STMP_0001_Track_58,1
STMP_0001_TmnlParam_5801,1
TF_0002_02_01,1
TF_0002_02_02,1
TF_0002_02_03,1
TF_0002_02_04,7
TF_0002_02_06,3
TF_0002_02_07,3
TF_0002_02_08,3
TF_0002_02_09,3
TF_0002_02_10,3
TF_0002_02_11,7
TF_0002_02_12,7
TF_0002_02_13,7
TF_0002_02_15,7
TF_0002_02_16,1
TF_0002_02_17,1
TF_0002_02_18,1
TF_0002_02_19,3
TF_0002_02_21,7
TF_0002_02_30,7
TF_0002_02_31,7
TF_0002_02_32,2
TF_0002_02_33,7
TF_0002_02_36,7
TF_0002_02_37,7
TF_0002_02_38,7
TF_0002_02_41,7
TF_0002_02_43,7
STMP_0003_00006C8_01,1
STMP_0003_00006A0_01,1
STMP_0003_0000321_01,1
STMP_0003_000058143642404_01,1
STMP_0003_00005814B1051_01,1
STMP_0003_0000581_01,1
STMP_0003_0000581436724_01,1
TF_0002_02_46,2
STMP_0001_AdditionalAlarm_35,1
TY_0002_30_53,7
STMP_0001_UnAdditionalAlarm_35,1
STMP_0001_TmnlParam_5802,1
TF_0002_02_44,1
TF_0002_02_45,7
STMP_0003_000018E_01,1
STMP_0003_0000205_01,1
TF_0002_02_35,3
TY_0002_30_151,7
TY_0002_30_152,7
TY_0002_30_168,1
TY_0002_30_169,1
TY_0002_30_170,1
TY_0002_30_171,1
TY_0002_30_172,1
TY_0002_30_173,1
TY_0002_30_174,1
TY_0002_30_175,1
TY_0002_30_176,1
TY_0002_30_177,1
TY_0002_30_178,1
TY_0002_30_179,1
TY_0002_30_180,1
TY_0002_30_182,1
TY_0002_30_183,3
TY_0002_30_184,3
TY_0002_30_186,3
TY_0002_30_188,3
TY_0002_30_185,3
TY_0002_30_187,3
TY_0002_30_189,3
TY_0002_30_190,3
TY_0002_00_928,7
TY_0002_05_472,7
TY_0002_05_477,7
STMP_0010_FEDC00_01,1
TY_0002_05_481,7
TY_0002_05_483,7
STMP_0010_FE5600_01,1
TY_0002_05_488,7
STMP_0010_FEC100_01,1
TF_0002_02_14,2
TF_0002_02_20,3
TF_0002_02_24,3
TF_0002_02_25,3
TF_0002_02_26,3
TF_0002_02_27,3
TF_0002_02_28,3
TF_0002_02_34,3
TF_0002_02_29,7
TF_0002_02_42,7
TF_0002_02_40,3
TY_0002_30_153,7
TY_0002_30_154,1
TY_0002_30_155,7
TY_0002_30_157,7
TY_0002_30_158,1
TY_0002_30_159,7
TY_0002_30_160,1
TY_0002_30_161,7
TY_0002_30_162,7
TY_0002_30_163,7
TY_0002_30_164,7
TY_0002_30_165,1
TY_0002_30_166,1
TY_0002_30_167,1
STMP_0010_F00400_01,1
STMP_1005_Locktimin25_01,1
STMP_1005_LockPos25_02,1
STMP_0010_FE563D_01,1
STMP_0010_FE6CEE_01,1
STMP_1005_Lockdaily35_01,1
STMP_0001_WorkingCondition_01,1
STMP_1005_Lock5_01,1
STMP_0001_Timing_58,1
STMP_0001_Timing_28,1
STMP_0001_GearSpeed_58,1
TY_0002_00_929,3
STMP_0001_TmnlParam_2802,1
STMP_0001_TmnlParam_3502,1
STMP_0003_00006C85F_01,1
STMP_0003_00006C860_01,1
STMP_0003_00006C861_01,1
STMP_0003_00006C862_01,1
STMP_0003_00006C863_01,1
STMP_0003_00006C8AA_01,1
STMP_0003_0000385_01,1
STMP_0003_000049E_01,1
STMP_0003_000049E4080_01,1
STMP_0003_000049E408000_01,1
STMP_0003_000049E408001_01,1
STMP_0003_000049E408002_01,1
STMP_0003_000049E408003_01,1
STMP_0003_000049E408005_01,1
STMP_0003_000049E2180_01,1
STMP_0003_0000185_01,1
STMP_0003_00005A1_01,1
STMP_0003_0000221_01,1
TY_0002_00_922,1
TY_0002_00_923,1
TY_0002_00_924,1
TY_0002_00_925,1
TY_0002_00_926,7
TY_0002_00_927,1
J_0003_00_1,3
J_0003_00_2,3
J_0003_00_3,3
J_0003_00_4,3
J_0003_00_5,3
J_0003_00_6,3
J_0003_00_7,3
J_0003_00_8,3
J_0003_00_9,3
J_0003_00_10,3
J_0003_00_11,3
J_0003_00_12,3
J_0003_00_13,3
J_0003_00_14,3
J_0003_00_15,3
J_0003_00_16,3
J_0003_00_17,3
J_0003_00_18,3
J_0003_00_19,3
J_0003_00_20,3
J_0003_00_21,3
J_0003_00_22,3
J_0003_00_23,3
J_0003_00_24,3
J_0003_00_25,3
J_0003_00_26,3
J_0003_00_27,3
J_0003_00_28,3
J_0003_00_32,3
J_0003_00_33,3
J_0003_00_34,3
STMP_1030_Altitude_01,1
STMP_1030_GPS_01,1
STMP_1030_TimingSwith_01,1
STMP_1030_LockState_01,1
J_0003_00_38,3
STMP_1030_forwardspeed_01,1
STMP_1030_backspeed_01,1
STMP_1030_Daily_01,1
STMP_1030_GSMstat_01,1
STMP_1030_Tmnldiag_01,1
KM_0002_02_12,7
J_0003_00_37,1
J_0003_00_39,1
J_0003_00_40,1
J_0003_00_41,1
J_0003_00_42,1
J_0003_00_43,1
J_0003_00_44,1
J_0003_00_45,1
J_0003_00_48,1
J_0003_00_49,1
J_0003_00_55,1
J_0003_00_56,3
J_0003_00_57,3
J_0003_00_58,3
J_0003_00_59,3
STMP_0010_FECA00_01,1
STMP_0010_FECA3D_01,1
STMP_1005_Locktimin35_01,1
STMP_0010_FEC1EE_01,1
STMP_1005_LockPos35_02,1
STMP_0001_CAN_01,1
STMP_0001_Condition_01,1
STMP_0001_TimingUds_58,1
STMP_0001_TimingUds_35,1
STMP_0001_FuelStatistics_02,1
TY_0002_00_992,1
TY_0002_00_993,1
FL_0002_00_01,7
TY_0002_00_990,1
TY_0002_00_991,1
STMP_0001_LockState_02,1
TY_0002_10_76,7
STMP_1010_GPSmsg_02,1
TC_0002_02_51,1
STMP_0003_EAcount_01,1
TC_0002_02_50,7
TC_0002_02_53,7
TC_0002_02_54,7
TC_0002_02_55,7
TC_0002_02_56,7
TY_CTY_Vcl_BaseInfo,7
STMP_0003_EC_01,1
TY_0001_02_11,7
TY_0001_02_12,7
TY_0001_02_13,7
TY_0001_02_14,7
TY_0001_02_15,7
TY_0001_02_16,7
TY_0001_02_17,7
TY_0001_02_18,7
TY_0001_02_19,7
TY_0001_02_20,7
TY_0001_02_21,7
TY_0001_02_22,7
TY_0001_02_23,7
TY_0001_02_24,7
TY_0001_02_25,7
TY_0001_02_26,7
TY_0001_02_27,7
TY_0001_02_28,7
TY_0001_02_29,7
TY_0001_02_30,7
STMP_0003_0FF994A_01,1
STMP_1010_AlarmingVoltage_03,1
TY_0001_02_32,7
TC_0002_02_58,2
TC_0002_02_59,3
TC_0002_02_60,7
STMP_0003_E624_01,1
TY_0001_40_01,1
TY_0001_40_02,1
MsgTPL_weight_engineFuelCR00Avg,3
TC_0005_02_03,7
TC_0005_02_04,7
TC_0005_02_05,7
TY_0002_10_9,3
STMP_1030_IP_01,1
STMP_1030_IP_04,1
STMP_1030_IP_05,1
TY_0001_40_07,1
TY_0001_40_04,7
TY_0001_40_05,7
TY_0001_40_08,1
STMP_1040_Msgpkg_01,1
TC_0005_02_02,7
TC_0002_02_03,1
TC_0002_02_04,1
TC_0002_02_05,1
TC_0002_02_06,7
STMP_0003_E6count_01,1
TC_0002_02_52,7
TY_0002_30_199,2
TY_0002_30_200,3
TY_0002_30_201,3
TY_0002_30_202,3
TY_0002_30_203,1
TY_0001_00_88,7
TC_0002_02_61,7
STMP_1030_IP_03,1
TY_0001_00_86,7
TY_0001_00_87,7
TY_0002_10_479,7
TC_0002_02_57,7
STMP_0003_00006C961_01,1
TY_0002_30_156,1
STMP_1030_LockPos2_01,1
TY_0002_10_77,1
TY_0002_10_78,1
STMP_0003_D6count_01,1
STMP_0003_F2count_01,1
STMP_0003_PGN_02,1
STMP_0003_EC01_01,1
STMP_0003_EC02_01,1
STMP_0003_EC03_01,1
STMP_0003_EC04_01,1
STMP_0003_E626_01,1
TY_0001_40_06,1
TY_0002_40_01,7
STMP_1040_Msgprop_01,1
STMP_1030_VclFault_01,1
TY_0002_10_482,1
TY_0002_10_483,1
TY_0002_10_484,1
TY_0002_10_80,7
TY_0002_10_81,7
TY_0002_10_82,7
TY_0002_10_83,7
TY_0004_10_11,7
TY_0001_Decode2_Packet,7
TC_0002_02_62,7
TC_0002_02_63,7
TC_0002_02_64,7
TY_0002_10_444,7
STMP_1010_BaseStation_01,1
STMP_1010_Alarming_01,1
TY_0001_02_31,7
TY_0001_40_03,1
STMP_0003_0FF214A_01,1
STMP_0003_00006C960_01,1
TY_0000_MQ_SIGNAL,7
STMP_0003_0FF224A_01,1
STMP_0003_0FF234A_01,1
TC_0005_02_10,7
STMP_1030_IP_02,1
STMP_1030_TmnlParam_01,1
TC_0002_02_24,1
TY_0002_30_191,1
TY_0002_30_192,1
TY_0002_30_193,1
TY_0002_30_194,1
TY_0002_30_195,1
TY_0002_30_196,2
TY_0002_30_197,7
TY_0002_30_198,1
TY_0002_30_204,2
TY_0002_30_205,3
TY_0002_30_206,3
TY_0002_30_207,3
TY_0002_30_209,2
TY_0002_30_210,3
TY_0002_30_211,3
TY_0002_30_212,3
TY_0002_30_208,1
TY_0002_30_181,1
STMP_1030_LockPos1_01,1
STMP_1030_LockPos3_01,1
TC_0002_02_43,1
TC_0002_02_41,1
TC_0002_02_42,1
TC_0002_02_44,1
TC_0002_02_45,1
TC_0002_02_46,1
TY_0002_10_73,1
TY_0002_10_75,1
STMP_1030_Lock_01,1
TY_0002_00_981,1
STMP_1010_Wirelesstorque_02,1
TY_0002_10_481,7
TY_0002_00_930,7
TY_0002_00_931,7
TY_0002_00_932,1
TY_0002_00_933,1
TY_0002_00_934,3
TY_0002_00_935,3
TY_0002_10_446,7
TY_0002_10_447,7
TY_0002_10_74,1
STMP_0001_Parts_01,1
STMP_1010_MsgTiming_01,1
TY_0002_10_442,7
STMP_1010_MsgDiagnose_01,1
STMP_1010_Dataflowing_02,1
MsgTPL_weight_speedAvg,3
MsgTPL_weight_transRatioGearboxAvg,3
MsgTPL_weight_engineTorque,3
MsgTPL_weight_avgOilAvg,3
MsgTPL_weight_loadAvg,3
TC_0002_02_07,7
TC_0002_02_08,1
TC_0002_02_09,1
TC_0002_02_10,1
TC_0002_02_11,1
TC_0002_02_12,7
TC_0002_02_13,7
TC_0002_02_14,7
TC_0002_02_15,7
TC_0002_02_16,7
STMP_0003_E6_01,1
STMP_0003_E601_01,1
STMP_0003_E602_01,1
STMP_0003_E603_01,1
STMP_0003_E604_01,1
STMP_0003_E605_01,1
STMP_0003_E606_01,1
STMP_0003_E607_01,1
STMP_0003_E608_01,1
STMP_0003_E609_01,1
STMP_0003_E610_01,1
STMP_0003_E611_01,1
STMP_0003_E612_01,1
STMP_0003_E613_01,1
STMP_0003_E614_01,1
TC_0005_02_11,7
TY_0002_10_478,7
STMP_1010_Vclstatus_01,1
TY_0002_00_950,1
TY_0002_00_951,1
TY_0002_00_952,1
TY_0002_00_953,1
TY_0002_00_954,1
TY_0002_00_955,1
TY_0002_00_956,1
TY_0002_00_957,1
TY_0002_00_958,1
TY_0002_00_959,1
TY_0002_00_960,1
TY_0002_00_961,1
MsgTPL_weight_rightLoad,3
TC_0005_02_07,7
TC_0005_02_09,7
TC_0005_02_06,7
TC_0005_02_08,7
STMP_0003_D2count_01,1
TC_0002_02_25,1
TC_0002_02_26,1
TC_0002_02_27,1
TC_0002_02_28,1
TC_0002_02_29,1
STMP_0003_0FF254A_01,1
TY_0002_10_445,7
TY_0002_00_938,7
TY_0002_00_939,1
TY_0002_00_940,1
TY_0002_00_941,3
TY_0002_00_942,3
TY_0002_00_943,3
TY_0002_00_944,3
TY_0002_00_945,3
TY_0002_00_946,3
TY_0002_00_947,3
TY_0002_00_948,3
TY_0002_00_949,3
STMP_0001_Altitude_02,1
STMP_0001_DailyInfomation_28,1
MsgTPL_weight_wheelSpeedAvg,3
STMP_0003_0FF274A_01,1
TC_0002_02_18,1
TC_0002_02_19,1
TC_0002_02_20,1
TC_0002_02_21,1
TC_0002_02_22,1
TC_0002_02_23,1
TC_0002_02_34,1
TC_0002_02_35,1
TC_0002_02_36,1
TC_0002_02_37,1
TC_0002_02_38,1
TC_0002_02_39,1
TC_0002_02_40,1
STMP_0003_TmnlAlarm_01,1
TY_0002_10_450,7
TY_0002_10_451,7
TY_0002_10_452,7
TY_0002_10_453,7
TY_0002_10_454,7
TY_0001_00_67,7
TY_0001_00_68,7
TY_0001_00_69,7
TY_0001_00_70,7
TY_0001_00_71,7
TY_0001_00_72,7
TY_0001_00_73,7
TY_0001_00_74,7
TY_0001_00_75,7
TY_0001_00_76,7
TY_0001_00_77,7
TY_0001_00_78,7
TY_0001_00_79,7
TY_0001_00_80,7
TY_0001_00_81,7
TY_0001_00_82,7
TY_0001_00_83,7
TY_0001_00_84,7
TY_0001_00_85,7
STMP_0003_000021F03_03,1
STMP_0003_E615_01,1
STMP_0003_E616_01,1
STMP_0003_E617_01,1
STMP_0003_E618_01,1
STMP_0003_E621_01,1
STMP_0003_UserExtendMsg_01,1
STMP_0003_SettingForCAN2_01,1
TC_0002_02_30,1
TC_0002_02_31,1
TC_0002_02_32,1
TC_0002_02_33,7
TC_0002_02_47,1
TC_0002_02_48,1
TC_0002_02_49,1
STMP_0003_TmnlAlarm_02,1
STMP_1010_Dataflowing_03,1
TY_0001_00_43,7
TY_0001_00_44,7
TY_0001_00_45,7
TY_0001_00_46,7
TY_0001_00_47,7
TY_0001_00_48,7
TY_0001_00_49,7
TY_0001_00_50,7
TY_0001_00_51,7
TY_0001_00_52,7
TY_0001_00_53,7
TY_0001_00_54,7
TY_0001_00_55,7
TY_0001_00_56,7
TY_0001_00_57,7
TY_0001_00_58,7
TY_0001_00_59,7
TY_0001_00_60,7
TY_0001_00_61,7
TY_0001_00_62,7
TY_0001_00_63,7
TY_0001_00_64,7
TY_0001_00_65,7
TY_0001_00_66,7
MsgTPL_engineTorqueAvg,3
TY_0002_00_falut,7
TY_0002_00_gps,7
TY_0002_00_count,1
TC_0002_02_65,1
TC_0002_02_66,1
STMP_0001_DailyInfomation_01,1
TY_0002_00_978,1
TY_0002_00_979,1
TY_0002_00_980,1
TY_0001_10_100,7
STMP_0001_CANIDGroup_01,1
STMP_1010_Dataflowing_01,1
TY_0002_10_443,7
STMP_1010_Wirelesstorque_01,1
STMP_1010_interAlarm_01,1
TY_0002_10_455,7
TY_0002_10_456,7
TY_0002_10_457,7
TY_0002_10_458,7
TY_0002_10_459,7
TY_0002_10_460,7
TY_0002_10_461,7
TY_0002_10_462,7
TY_0002_10_463,7
TY_0002_10_464,7
TY_0002_10_465,7
TY_0002_10_466,7
TY_0002_10_467,7
TY_0002_10_468,7
TY_0002_10_469,7
TY_0002_10_470,7
TY_0002_10_471,7
TY_0002_10_472,7
TY_0002_10_473,7
TY_0002_10_474,3
TY_0002_10_475,3
TY_0002_10_476,1
TY_0002_10_477,7
STMP_1010_watertem_01,1
STMP_1010_oilpressure_01,1
TY_0001_02_06,7
TY_0001_02_04,7
TY_0001_02_05,7
TY_0001_02_09,7
STMP_0001_BrakeNum_01,1
STMP_0001_RapidSpeedNum_01,1
STMP_0003_0FF004A_01,1
STMP_0003_0FF014A_01,1
STMP_0003_0FF024A_01,1
STMP_0003_0FF034A_01,1
STMP_0003_0FF204A_01,1
TY_0002_10_79,1
TC_0002_02_17,7
TY_0001_02_07,7
TY_0001_02_08,7
TY_0004_10_9,7
TY_0001_02_01,7
TY_0001_02_02,7
TY_0001_02_03,7
TY_0002_10_448,7
TY_0002_10_449,7
TY_0001_30_01,2
TY_0001_02_10,2
STMP_1006_Timing_01,1
STMP_0003_ECcount_01,1
J_0001_00_5470,3
J_0001_00_5471,3
J_0001_00_5472,3
J_0001_00_5473,3
J_0001_00_5474,3
TY_0002_00_962,1
TY_0002_00_963,1
TY_0002_00_964,1
TY_0002_00_965,1
TY_0002_00_966,1
TY_0002_00_967,1
TY_0002_00_968,3
J_0001_00_5475,3
J_0001_00_5476,3
TY_0002_00_969,1
TY_0002_00_970,1
TY_0002_00_971,1
TY_0002_00_972,1
TY_0002_00_973,1
TY_0002_00_974,1
TY_0002_00_975,1
TY_0002_00_976,1
TY_0002_00_977,1
STMP_1010_airfilter_01,1